order_id,product,category,sale_amount,sale_date,region
bdd640fb-0667-4ad1-9c80-317fa3b1799d,Mouse,Electronics,59.77,2025-06-09 23:35:29,East
bc8960a9-23b8-41e9-b924-56de3eb13b90,Phone,Electronics,287.68,2025-04-03 23:27:24,North
8b9d2434-e465-4150-bd9c-66b3ad3c2d6d,Mouse,Peripherals,1785.44,2025-03-28 22:27:40,North
07a0ca6e-0822-48f3-ac03-1199972a8469,Keyboard,Accessories,73.25,2025-03-31 13:26:07,North
9a1de644-815e-46d1-bb8f-aa1837f8a88b,Phone,Electronics,1015.66,2025-03-05 11:27:56,North
a65ed389-b74d-4fb1-b2e7-06298fadc1a6,Keyboard,Electronics,1434.88,2025-11-22 12:57:18,Central
72ff5d2a-386e-4be0-ab65-a6a48b8148f6,Monitor,Electronics,903.93,2025-10-10 00:29:12,East
01a9e71f-de8a-474b-8f36-d58b47378190,Laptop,Electronics,1399.3,2025-12-14 20:43:47,East
6c307511-b2b9-437a-a8df-6ec4ce4a2bbd,Tablet,Electronics,438.47,2025-07-05 07:29:49,East
f50bea63-371e-4d7b-a7cd-813047229389,Laptop,Electronics,766.06,2025-12-16 16:24:48,East
6142ea7d-17be-4111-9a2a-73ed562b0f79,Tablet,Peripherals,536.4,2025-04-01 17:35:40,North
9a8dca03-580d-4b71-98f5-64135be6128e,Mouse,Accessories,1077.09,2025-06-05 21:38:44,West
759cde66-bacf-43d0-8b1f-9163ce9ff57f,Laptop,Peripherals,593.42,2025-09-19 10:08:26,Central
60e7a113-ec1b-4ca1-b91e-1d4c1ff49b78,Tablet,Peripherals,392.65,2025-03-25 18:36:12,North
a0ee89ae-d453-4d32-8b0d-bb418d5288f1,Laptop,Peripherals,463.52,2025-10-21 09:09:15,East
93cd59bf-5c94-4cf0-9c98-d2c1e2acf72f,Laptop,Electronics,1734.3,2025-05-08 20:23:31,West
a9488d99-0bbb-4599-91ce-5dd2b45ed1f0,Tablet,Accessories,1275.01,2025-05-22 16:17:54,East
146d3f31-fc37-4a4c-8a15-544dc5e7ce8a,Phone,Accessories,716.99,2026-01-21 08:16:17,East
614ff3d7-19db-4ad0-9dd1-dfb23b982ef8,Mouse,Peripherals,1299.59,2025-06-11 03:02:03,Central
5d65a441-d588-42de-a2bc-372f7412b293,Mouse,Electronics,1072.94,2025-04-27 08:10:42,South
ab9099a4-35a2-40ae-9af3-05535ec42e08,Phone,Accessories,765.12,2025-06-06 20:32:46,Central
a5e5a5ab-aefc-4ad8-afc8-9849b3aa7efe,Phone,Peripherals,655.32,2025-03-22 21:39:07,North
88bd6407-2bcf-4e01-a28d-efe39bf00273,Phone,Electronics,1612.04,2025-12-03 08:05:12,West
6123fdf7-7656-4f72-a9d4-beef3eabedcb,Tablet,Electronics,429.86,2025-06-08 00:13:42,Central
b02b61c4-a3d7-4628-ace6-6fa2fd5166e6,Mouse,Accessories,433.13,2025-09-27 11:16:49,West
d7c524a5-5304-417f-af42-e12f3838b326,Monitor,Peripherals,923.12,2025-12-18 13:20:02,East
d261a7ab-3aa2-44f9-8e51-f30dc6a7ee39,Phone,Electronics,1492.53,2025-03-07 15:19:42,Central
448aaa9e-66b2-4c5b-90c1-87fcce177b4e,Tablet,Peripherals,1173.33,2025-03-20 21:03:18,Central
9132b63e-f162-47e4-a9c3-49e03602f8ac,Monitor,Accessories,446.45,2026-01-29 12:28:14,South
a7cad415-366e-416f-908e-bad7b7c93acf,Keyboard,Accessories,190.91,2025-09-05 01:18:18,North
a491f0b2-ea1f-4a65-a27a-984d654821d0,Laptop,Electronics,1258.62,2025-08-20 08:56:30,West
3f22faf8-23be-401d-83cf-2fde24933b83,Keyboard,Electronics,775.69,2025-12-09 11:55:59,Central
bf3c4c06-4343-48bc-89fa-6a688fb5d27b,Monitor,Peripherals,510.31,2025-10-08 04:52:07,Central
663f1c97-9562-49f0-a5d7-b8756dadd6c7,Laptop,Peripherals,1444.24,2025-07-13 18:11:02,Central
2369b584-ff5e-4ff0-bf50-bde4382567b8,Tablet,Peripherals,686.95,2025-09-09 01:15:42,East
0c0fd195-c17a-408a-9745-d6d87e570ddf,Monitor,Electronics,912.91,2026-01-23 14:11:36,East
28f49481-a0a0-4dc4-a720-9bdf1c11f735,Keyboard,Electronics,1020.29,2025-12-27 18:50:50,North
10435a10-98ae-4334-ac12-ace8ae340454,Mouse,Accessories,1684.92,2025-07-22 14:25:25,Central
77d21e02-ff01-4f99-988c-24c961b1cd22,Keyboard,Electronics,314.15,2025-09-16 15:50:08,South
dc5c0eed-8da0-465b-b898-97b9405cacec,Keyboard,Peripherals,1837.8,2025-02-27 15:08:36,Central
ae849217-1d53-434b-b881-39b9ae270da7,Tablet,Accessories,48.76,2026-02-01 18:57:30,East
c4c2e2e3-444e-47c8-8039-87108976e334,Tablet,Electronics,125.27,2025-10-30 02:19:46,Central
6f4cc69a-4b22-4308-9c8e-aee95715bd6f,Laptop,Electronics,1466.5,2025-04-25 14:16:10,North
b8db0672-f42d-47cc-80d4-af5974273ca3,Keyboard,Electronics,265.5,2026-01-29 07:40:24,West
8026695f-f8cd-488b-836d-76e2b83cfe0b,Keyboard,Electronics,537.46,2025-12-16 02:08:05,Central
1b3dbd5c-e9a1-4a6f-81f7-6d1c2dbc2134,Monitor,Electronics,1858.54,2026-01-27 05:57:13,South
a39231a7-d777-4477-8c66-e0a8a013ac6e,Mouse,Accessories,803.99,2025-09-08 07:53:36,East
5fb8d16c-2720-497d-b2eb-d6899be578c7,Monitor,Peripherals,908.46,2025-12-16 07:14:53,South
c754108f-f418-4f3f-8a14-be62295b4715,Phone,Electronics,682.79,2026-02-16 09:50:28,Central
99546eb4-0025-4ad1-ab22-63dd87c5421e,Keyboard,Electronics,1181.0,2025-06-29 01:29:09,North
edd96831-1ca3-4cfb-84fc-6d827d154385,Laptop,Peripherals,1265.89,2025-07-14 03:21:30,South
ce88cb2d-d4e8-4839-bc3e-058be0f3eab0,Laptop,Electronics,1720.67,2025-06-22 14:22:18,North
e0c53cb8-3da9-42a9-8ed4-2f1a3d4cbf37,Keyboard,Electronics,564.17,2025-10-01 12:16:56,West
bb5e4bcf-15ed-4269-9429-6c07f26b4776,Phone,Peripherals,273.3,2025-08-30 21:53:30,Central
c2b6d2c5-fa5d-4100-91b7-e948d0e6e660,Keyboard,Accessories,493.56,2025-09-18 01:18:49,West
a8e56e0c-20de-435d-a031-d750c40db9b4,Monitor,Electronics,197.71,2025-08-26 18:05:07,West
43dac043-2a45-42ab-8cbf-edb0f264accc,Tablet,Accessories,828.09,2025-09-16 02:24:31,North
f6e07cc0-6c52-449f-9b49-bd26df57c59a,Mouse,Peripherals,1968.49,2025-05-16 10:14:05,North
badcc32a-c159-4f53-8a0f-4efbedcd465e,Laptop,Accessories,1459.15,2025-11-18 02:09:53,North
66245bfa-4fcc-439a-b683-d2e6337ea2df,Phone,Electronics,388.52,2025-11-11 00:42:31,West
e64d1bcb-7027-43a1-9f98-7c71a65e688e,Phone,Accessories,375.14,2025-09-12 04:17:20,West
3985c3cf-3f76-4e1d-9efa-21977394988f,Phone,Electronics,891.83,2025-03-20 00:53:49,Central
8dcdcd03-969b-4662-8562-8059568cc69b,Laptop,Electronics,1307.77,2025-05-23 12:57:26,Central
122c9a56-01d7-4256-b860-2ab696a402f2,Laptop,Electronics,1853.47,2025-11-25 01:41:17,South
114125c6-3a9b-4dd4-8f12-59e0a18ff6b6,Phone,Accessories,976.43,2026-02-09 19:15:31,South
1223b513-5496-463c-9c11-10c1080aadfb,Monitor,Electronics,337.63,2025-09-10 20:24:53,North
7c441fe7-ab42-40a7-874a-493b3ceddf2d,Monitor,Accessories,1853.77,2025-05-17 08:57:51,West
ef7ddc76-b92d-422b-a1df-306f8a0b3c33,Tablet,Accessories,1396.22,2026-01-31 20:32:19,Central
3e351128-7900-47f9-9382-9b43922fe15a,Mouse,Peripherals,978.48,2025-12-24 21:18:56,South
30beb45f-6835-44f2-8eb8-1f9d7914c120,Tablet,Electronics,1937.73,2025-03-31 19:18:45,Central
5ab33edf-6e59-4ed3-a8b3-17fa18d0752b,Mouse,Peripherals,131.31,2025-08-06 16:10:17,East
baa4b71a-dd24-47ac-b78e-edb3693dffbc,Laptop,Electronics,1172.51,2025-03-16 05:02:40,Central
a56c0941-fbf2-4050-a748-dbcfac619e63,Keyboard,Electronics,123.19,2025-04-02 09:27:12,Central
56dc8907-ba6c-44ab-a712-303a0f844fef,Laptop,Electronics,146.36,2025-12-31 02:11:43,North
310c0c00-3fa7-4104-9bf9-0e27dc96925e,Mouse,Electronics,813.51,2025-05-08 01:00:28,Central
6c006f61-23e2-4cb4-b2d8-567d894a05e4,Phone,Peripherals,1193.09,2025-05-05 10:21:53,Central
dfde4fbf-3ff3-40bf-b66e-cb15474ebc19,Laptop,Accessories,1318.17,2026-02-16 17:35:29,Central
dc815fe7-ceda-4bbb-b171-0434134c6c92,Keyboard,Accessories,1870.07,2026-01-21 14:19:19,South
a6f2f7b8-0cf3-4b58-9910-8be58ce21ea3,Mouse,Peripherals,635.23,2025-09-21 02:46:38,East
17e011b7-f810-4383-83c7-2ba8d605e770,Monitor,Electronics,1346.66,2026-02-17 22:29:54,East
2a935d62-3c83-4dc0-9944-1fa5c0e9ab30,Monitor,Accessories,1858.75,2025-07-31 00:11:09,North
dd59ba71-36b8-4481-bb3a-4e3e7c52fa17,Laptop,Accessories,1246.11,2025-07-28 22:05:56,Central
610461e3-2a25-4888-8f02-bad0e7067ef4,Laptop,Electronics,1079.89,2025-02-24 00:13:19,Central
ed3049cf-43e4-48fc-a3f2-ae24fc3d3348,Tablet,Electronics,1867.19,2025-12-24 16:12:00,North
6c4a37ea-4906-47f2-b47b-6dbac8fe3ccd,Phone,Accessories,577.12,2025-11-20 16:50:09,West
c88a618e-fed4-457d-bb02-6576f512c4c3,Keyboard,Peripherals,612.01,2025-09-27 00:16:07,Central
27a0c3d7-7c96-4f79-b7e9-9acaa97065e1,Laptop,Peripherals,1636.04,2025-05-07 22:06:32,East
0ef8c2d6-f7fd-4646-b7bb-3eec4bf50b52,Mouse,Electronics,1878.47,2025-10-06 02:29:02,South
bf7b539b-0f9a-4a4b-8acd-4e10bc594585,Tablet,Electronics,1780.53,2025-06-24 23:08:28,Central
7a0ecfea-958c-49ba-8cd6-20c20ea2622b,Phone,Accessories,570.69,2025-09-06 11:02:15,South
284d82e5-87f7-41fb-9a4b-d9caeb5cf467,Mouse,Accessories,415.16,2025-03-17 06:17:18,East
d9f195d0-1482-4f53-8201-0c62f5f59b22,Keyboard,Accessories,509.73,2025-05-06 08:08:48,North
acdabacc-1165-4210-9854-3881118a9d29,Laptop,Peripherals,852.92,2026-01-23 20:52:10,East
f10c718b-1eb0-438a-a75d-d5af3c365296,Laptop,Electronics,673.78,2026-02-03 22:12:42,South
98326856-9434-4a03-bf07-f81491d63f78,Mouse,Accessories,331.55,2025-03-10 14:33:05,West
a8499b92-6b52-42e3-94fc-dd549e8fc965,Keyboard,Peripherals,861.1,2025-10-07 20:21:09,North
ef48e8d5-50fd-4d3f-85d5-169590b2b633,Laptop,Electronics,1890.65,2025-06-04 10:38:41,South
506e5a9a-b758-488d-ab73-295b344a54b8,Keyboard,Electronics,1670.84,2025-05-26 20:50:48,Central
abf3e3fc-2181-4d25-a552-38a643ff5011,Keyboard,Electronics,865.28,2025-10-31 20:38:09,North
edd4253b-50f0-4d0a-b50c-ab754ccc9bc2,Tablet,Accessories,1798.97,2025-12-12 04:01:02,North
75523327-0262-4f73-9292-2f83ef8c485b,Tablet,Electronics,1367.31,2025-10-22 09:45:22,North
19985f15-ff00-4d4d-9020-59e4ff9ab5c2,Tablet,Peripherals,1769.43,2025-03-23 14:58:18,West
43e42caf-8181-48cc-b691-47eb89a2688b,Keyboard,Peripherals,317.56,2025-04-15 14:43:01,South
119c4ea3-e180-4081-9958-a499eeea163e,Phone,Electronics,1764.02,2026-01-30 15:31:30,North
286218b8-48f4-4f12-9e99-53d23e896c64,Phone,Peripherals,1849.73,2025-08-12 08:18:31,West
4d71c366-b41b-4143-8b10-550cd5704f32,Mouse,Peripherals,1623.39,2025-10-18 17:22:56,East
a76afde6-ce9e-4a11-bcbb-4e59fbddcf7c,Phone,Peripherals,225.11,2025-09-16 14:13:01,North
8dfa6a56-d12d-4c9a-aaf9-15310200b1f0,Monitor,Electronics,407.15,2025-06-19 10:32:40,West
f05db76e-1a84-451a-a9d3-d7c7ee87905e,Tablet,Accessories,1642.87,2026-01-30 04:52:08,South
e3c43657-1d8c-4bac-83b4-09ef2260e70f,Phone,Electronics,1323.47,2025-04-05 17:46:48,West
45b89cd9-27cb-4f2a-8da0-1097be0f051b,Tablet,Accessories,1730.06,2025-06-12 14:17:28,East
57c700aa-b7b5-4ea7-b5eb-d32d9ad620ab,Tablet,Peripherals,1023.72,2025-05-13 05:47:49,Central
439472e6-da58-4e8a-a25d-6b29afffcfd2,Tablet,Electronics,239.53,2025-09-07 10:53:10,East
e87d1c78-e7c4-41c7-8049-7b717d106c60,Phone,Peripherals,1925.44,2026-01-17 18:23:26,East
6c6f7633-a260-4723-97a0-df490d01280f,Laptop,Electronics,1197.18,2026-01-11 06:13:01,East
5563f616-00e8-4ece-8b49-452d46d483f3,Mouse,Accessories,878.42,2025-12-19 15:29:04,Central
430f801d-fad4-49e2-a319-dcb4217d65a0,Laptop,Accessories,1800.01,2025-04-26 22:11:08,South
b4a69f3c-8d3a-4d99-b11c-21c9bdc14f1f,Tablet,Electronics,1420.48,2025-08-08 06:27:48,North
13432e61-1ca3-4448-8279-b6a68f9797b0,Keyboard,Peripherals,1376.85,2026-02-01 03:16:50,South
8babce3b-2628-4bfb-a767-dceab0e6a969,Tablet,Accessories,149.25,2025-03-09 03:56:20,East
8d7248e2-951f-48d0-9e84-f058d5a804eb,Keyboard,Accessories,1330.14,2025-04-21 16:27:59,North
4eea04e7-0ab5-4bde-a0a0-45026e068097,Mouse,Accessories,1019.17,2025-07-14 18:55:51,West
f8e1daa7-cbce-4bde-aede-db07e623a689,Tablet,Accessories,1397.44,2026-01-23 10:27:43,Central
35c7936c-5b99-42c6-a61f-ecc00a368ce7,Phone,Electronics,846.69,2025-11-15 01:27:17,West
5a8aaeca-1a50-4ec3-aabc-25fa3fe12e47,Mouse,Peripherals,1806.58,2025-12-23 03:20:34,Central
6808593f-dfed-4c43-a256-a6dc8f5486b7,Keyboard,Accessories,818.09,2025-10-22 05:07:01,North
ee0caeb5-ecfe-4b99-a790-cebdbfddc3d9,Tablet,Accessories,428.26,2025-05-26 02:41:03,Central
ccc56569-f9e8-4369-a999-b735dd56cc94,Keyboard,Peripherals,651.28,2026-01-04 01:04:21,West
0658663a-698c-406f-a1a4-7e102d534dd0,Monitor,Peripherals,435.27,2025-05-03 19:53:42,West
c84a7b28-550a-4b46-acab-3301bc8f7d29,Mouse,Electronics,1321.11,2026-02-19 15:57:55,East
dd334cc7-ab7f-489a-8d5f-4822696608aa,Keyboard,Peripherals,1269.55,2025-12-05 15:21:55,East
28c13091-444d-410b-bf87-e362cf8d446a,Laptop,Electronics,1348.86,2025-12-25 22:59:41,South
df465290-61ee-411a-9bac-27a7b386f7a4,Phone,Electronics,58.61,2025-03-10 05:04:19,South
33173470-38f1-4a81-b87f-2425dbccc477,Monitor,Peripherals,1700.98,2026-01-06 07:16:16,North
4e20fd1a-5983-46e3-b5d6-6ed4eb1fa9f2,Monitor,Accessories,1773.41,2026-01-07 20:05:09,Central
39118497-3a43-42ba-9f0f-06cbcb9bc326,Phone,Peripherals,1395.74,2025-03-04 08:42:03,West
5408f9ac-6601-4dd0-b170-f437a8f7ef5a,Monitor,Electronics,303.67,2025-06-11 08:54:04,North
c5f8bc16-f786-4b50-91c5-8ef0dd463c09,Laptop,Accessories,445.49,2025-06-11 13:45:57,Central
6651529e-8268-490b-a438-25b559e4b671,Monitor,Electronics,1119.24,2025-11-14 01:42:01,North
54c63cd8-8945-4f27-97fa-2d8dfb2ca025,Monitor,Electronics,1604.82,2026-02-22 22:27:25,Central
f86c2ca2-e085-46db-9d87-09660710d430,Keyboard,Peripherals,641.42,2025-06-04 14:50:04,West
fbc9f87a-f668-4617-94a1-875d2db69edb,Keyboard,Peripherals,1785.12,2025-06-06 06:27:30,West
6f3f920c-98b8-44cc-9bc0-44fc09cb3942,Keyboard,Accessories,1795.44,2025-07-07 10:10:11,West
6fb78271-504d-481f-8953-5b63ba81edd9,Monitor,Accessories,1506.04,2025-10-16 14:24:30,East
629c2ae3-1d9a-4659-82ec-9f2dfbf6e16f,Keyboard,Accessories,1257.23,2026-02-07 12:07:27,East
0b5cea6a-4135-4e8c-b0a9-00ad939b462d,Monitor,Electronics,1429.95,2025-11-25 10:29:24,South
ecf27e76-8519-4ff4-806e-d6e36fa17735,Tablet,Accessories,646.22,2026-01-02 09:21:31,Central
f0b5156b-b82c-4074-afd5-dea589d7fd6c,Laptop,Electronics,310.15,2025-12-08 07:36:30,West
5d3d9e56-3270-44fa-abae-4f43bcae8081,Mouse,Electronics,1415.77,2025-08-09 16:06:56,North
ebb7a385-aa0b-4b14-b2e9-702d11e9cdaa,Monitor,Accessories,668.45,2025-07-01 09:49:11,West
d9178793-a9d3-42e6-905c-c6869f871ce7,Monitor,Electronics,421.6,2025-04-12 13:43:28,West
81d2c7de-4ce1-4b90-a669-7833b841d0a0,Monitor,Peripherals,1892.66,2025-06-23 06:52:28,North
6703b636-5380-4904-a88c-7015aab97e49,Keyboard,Accessories,959.19,2025-11-20 22:35:09,East
311c6eb6-2095-4ef6-8ded-f9fb4bb00f20,Tablet,Accessories,1708.36,2025-08-05 10:58:34,West
ad64b56c-610f-4a3f-b0bb-ac67aa38d0a1,Keyboard,Peripherals,1471.92,2025-12-10 17:15:07,Central
91b0e1d9-9d92-42af-ac8d-0e44e71e43a6,Phone,Accessories,446.65,2025-06-20 01:11:19,West
001a9a8b-d56f-4350-8c45-9ce267f48ad5,Monitor,Electronics,783.83,2025-06-21 04:27:08,West
c9277d9b-6e0d-4648-b5ce-884149732d6c,Mouse,Electronics,1682.61,2025-10-06 09:58:56,South
77097749-527e-4cfa-a79a-c9aa9b4e2c24,Keyboard,Peripherals,63.66,2025-08-13 17:52:35,West
82dc4c8e-36b5-429a-acf5-e81e71316269,Keyboard,Peripherals,1329.37,2025-08-25 22:32:50,North
cbc84759-f5b7-4cc7-a6b3-c944cb323e35,Mouse,Accessories,280.04,2025-12-05 23:47:25,West
48a639d0-15b5-4908-a8aa-71582b70e525,Phone,Electronics,527.71,2025-09-11 08:29:36,East
55cee5db-9e87-404c-a208-6977a9f25336,Phone,Accessories,660.42,2025-03-31 10:33:51,West
3c20592f-c04a-46c4-b3b6-3fe1d1843324,Tablet,Accessories,512.02,2025-11-11 11:02:33,North
32fa2de8-ce7a-47f6-b982-0cff4f77a665,Monitor,Electronics,1500.56,2025-04-21 09:34:15,North
fbe33b24-3eae-4032-8bd4-a9900640be0f,Tablet,Electronics,1303.79,2025-08-26 16:43:27,North
12a4def0-c4bb-47a9-9988-68dd9c7c7377,Laptop,Electronics,406.73,2025-08-19 00:55:07,North
935f2b0a-a138-4ddc-a2d9-de5d6a18ce4c,Keyboard,Electronics,484.7,2025-05-09 16:24:00,West
7e8f8095-624c-49b6-b244-45a7b7e58481,Mouse,Electronics,1132.3,2025-07-28 09:10:01,South
b00805cc-a7f3-4ae9-a5c7-3c443e75c3b4,Monitor,Peripherals,519.92,2025-02-25 07:48:50,East
c521bf2d-dc45-4539-803f-3538e4855aa1,Phone,Peripherals,1218.42,2026-02-02 01:15:59,North
3805f907-6cd6-4193-8746-8f591b494e15,Phone,Accessories,225.12,2025-05-02 11:30:54,North
8498e113-b227-462c-b53d-4330cdda24ba,Tablet,Peripherals,1357.92,2025-08-22 14:03:04,West
eadf5085-3fcb-4546-8eb2-25790cdb1ca4,Monitor,Peripherals,404.68,2026-01-18 15:12:01,Central
cd29a36f-2222-42e1-b4da-aebf1f115b76,Mouse,Peripherals,493.27,2025-08-22 14:55:16,East
8f15ba58-fce6-4504-87f8-424daae65fc1,Mouse,Peripherals,1613.0,2025-10-12 10:09:01,Central
e4347d51-c158-4092-b335-cba3513a7052,Laptop,Accessories,1070.16,2025-08-14 01:12:56,East
e45b712e-b822-4688-90a4-44329cd6c852,Laptop,Peripherals,1298.61,2025-09-07 05:00:21,North
8c41561b-e827-41b9-94a0-2e536d3ee1dc,Monitor,Accessories,220.02,2025-08-15 08:20:54,East
dc8aee30-be60-43f7-a8be-9288e5af6e39,Mouse,Accessories,1417.54,2025-08-26 12:25:08,West
3f4b1a70-c074-418e-825a-609f7337c599,Phone,Peripherals,1048.28,2026-01-15 08:13:19,East
c715b2b9-c40c-4d91-86fd-e062a33dc7af,Keyboard,Peripherals,1551.54,2025-09-13 14:59:56,West
464c04af-3d3f-4799-a072-95e97c0e8cd8,Monitor,Peripherals,1189.02,2025-08-13 00:02:32,East
3c07c574-4925-4af1-b6aa-e05b13d5f2f7,Phone,Electronics,565.07,2025-06-08 16:42:03,West
8a476a87-e49d-481d-91d8-7c6455fa1ab8,Phone,Accessories,1144.0,2025-03-26 11:10:14,West
620e99d3-3b33-43d8-a69c-d696236c7b87,Tablet,Electronics,993.67,2025-11-19 16:12:48,East
10714d51-36c5-4dac-b4d7-e28e271e3ee2,Phone,Accessories,432.12,2025-08-03 06:58:53,East
7746d0ba-8ae8-405b-94b4-a48268586eba,Tablet,Accessories,1761.84,2025-08-03 15:25:45,East
6b8e869f-d538-4b0e-b4f3-193c0ff0a55c,Keyboard,Electronics,1038.09,2025-07-24 10:19:10,South
f2311f17-9586-4a76-8511-55ffe7a37e81,Laptop,Electronics,1442.95,2025-11-20 06:52:35,West
c3fe0183-e172-4725-9b52-ca5805000bc6,Keyboard,Electronics,1384.31,2025-10-04 17:57:19,West
f1578470-0182-47c4-ba1b-58066160a6b4,Monitor,Electronics,195.18,2025-07-09 18:45:43,South
da7b9095-63d6-4a39-80e3-befd4c71e0fe,Monitor,Peripherals,494.18,2026-02-04 10:50:02,Central
89c8d2ab-6b44-4a8d-95f2-5073f41402b1,Tablet,Accessories,1111.41,2025-12-10 11:29:00,East
9a6ec2f5-ccc4-4903-8bcf-53a1bc10fa52,Monitor,Peripherals,1105.27,2026-02-06 20:20:26,East
45df16b6-382c-443f-bcfc-9b793875394c,Mouse,Accessories,549.12,2025-08-11 10:25:05,East
560c95ee-638c-454c-876e-2bba7c5308bf,Phone,Electronics,1445.36,2025-11-09 22:29:11,East
b963f37f-6781-4c1f-8c53-0e36addc3e13,Laptop,Peripherals,1076.37,2025-04-28 06:27:39,South
20ac3703-eb67-446a-b7a6-e17cd72b6108,Phone,Electronics,1479.82,2025-10-22 19:59:15,East
64de82e6-e82c-4d7b-86e7-45f988bc539c,Mouse,Peripherals,1953.45,2025-10-11 00:58:22,Central
157d94a1-06f0-48ff-a9ba-5a27907bfe36,Keyboard,Accessories,1961.22,2025-10-30 18:59:36,South
7631de9d-dde9-4863-a2bd-33886db99102,Tablet,Electronics,728.15,2025-05-04 17:58:11,East
53cd6268-610c-4373-8299-9aa40cdf742b,Laptop,Peripherals,1072.93,2025-05-16 08:56:57,East
c2dff335-5666-4f9f-93ac-2ab974672cd9,Laptop,Electronics,1111.18,2026-01-30 18:58:17,South
f3821cfd-c083-473a-873b-d358610e6a64,Mouse,Accessories,214.15,2026-01-12 06:13:43,North
14f7ce8d-d5bc-48d0-8094-dded6bebac31,Keyboard,Accessories,944.1,2025-08-24 19:42:35,West
0d557b61-8a17-4dfe-bfc0-0dc804f64d86,Tablet,Electronics,1931.34,2025-07-09 01:59:57,East
c7fee39f-1190-4938-a66f-d7f739669fa7,Monitor,Electronics,1646.01,2025-11-03 06:55:34,West
f319c125-07f1-44f9-8115-6d6d0a4e5b70,Monitor,Electronics,1158.27,2025-05-30 04:58:47,North
9f0fda8d-0537-4ff6-96d7-b3b833094d35,Phone,Electronics,1624.17,2025-04-23 08:26:20,East
ab61a7b1-793b-4c32-a050-04943d114802,Laptop,Electronics,245.72,2025-04-08 14:19:09,West
770c7798-37cc-463b-b2a0-345990604f62,Keyboard,Peripherals,1583.57,2025-11-21 19:37:06,South
2af43ab7-5e6f-4a07-8453-6f1d41992fdf,Keyboard,Accessories,906.52,2025-10-16 11:27:42,West
b7e6427c-bf78-4e3f-b6b7-51f79b749245,Tablet,Peripherals,1980.16,2025-04-08 15:39:22,East
f6f7f0cc-29ec-4e49-91bd-b8c0c71d5e60,Keyboard,Peripherals,129.86,2025-06-23 23:13:31,North
edcb8cb6-0692-4c63-9424-aed51bac5c15,Phone,Peripherals,429.94,2025-06-24 07:47:05,North
f54ad0a2-e874-46d7-ad66-a1bd93676a02,Phone,Electronics,355.89,2025-07-18 22:14:48,North
32c5bd89-b70b-4420-b104-3785658b2523,Phone,Electronics,822.95,2025-03-24 16:28:15,Central
a092f52a-d4a0-47a7-b0cc-1b3b9793b9b4,Monitor,Accessories,74.95,2025-05-28 11:39:10,East
4d3485c5-c5c1-4eb4-b27b-3d901a16342c,Mouse,Accessories,1408.95,2026-01-19 09:26:23,West
1efd76e9-ce37-44af-99b4-9350af2b99b4,Laptop,Peripherals,474.51,2025-12-29 09:30:28,East
0a8381be-c85a-4a46-90e0-f4a0fbdd3933,Mouse,Peripherals,1325.75,2025-07-08 00:18:22,South
5eddbbbf-a959-4663-adaa-2e688861fe18,Monitor,Electronics,1093.68,2025-03-21 22:51:21,South
033d2bce-575a-4d2c-a5c5-650c8186a576,Tablet,Electronics,152.11,2026-01-19 02:45:04,South
1b049863-7d7d-4bed-9284-476c6b88f83d,Tablet,Peripherals,1500.43,2025-08-10 12:51:48,Central
e43e4288-a2b5-4498-9cb8-5aedf5f62c97,Tablet,Accessories,257.46,2026-01-11 00:14:40,East
6f7c15ea-272a-4d8e-b512-2df875b17a55,Mouse,Accessories,1885.93,2025-05-02 13:50:52,Central
a6846099-f729-4951-8591-31d2bbda0242,Keyboard,Accessories,881.14,2025-06-08 01:28:58,Central
89c5b31a-eb6c-4016-8ee6-24d09dac6e83,Laptop,Accessories,1471.72,2025-12-21 00:18:50,Central
d36357b6-6f81-4f4f-b701-f7bb7bc67e1f,Tablet,Electronics,191.74,2025-12-04 01:47:26,Central
da09dfa0-5282-4d80-84b5-91f797ac6aa8,Keyboard,Electronics,1999.15,2025-05-29 12:18:47,East
4767d76c-162f-4a24-af43-613cd4aac9a3,Keyboard,Electronics,1528.59,2026-01-31 13:31:50,South
76f72255-c01f-46bf-be6d-d58b7367c28d,Monitor,Peripherals,1306.5,2025-10-02 11:30:58,East
561e16d1-6105-416b-ab0e-664e9c3eb2d5,Phone,Peripherals,877.41,2025-03-06 07:38:09,West
2e8d0e87-5334-40e6-99d8-0b8d7e8adee7,Laptop,Accessories,702.44,2025-08-31 12:25:38,East
4223623b-cc3e-4dde-9ad5-cf06364d7c87,Tablet,Peripherals,218.15,2025-07-05 08:19:13,South
b380c73a-989d-4d4a-a15c-a6664797b2c9,Tablet,Accessories,1390.41,2026-01-30 23:19:39,East
8441aefd-0299-436a-8e48-522346b98991,Mouse,Accessories,1629.0,2025-05-08 08:54:26,Central
680bac63-b856-4035-bdc9-829015eabb27,Laptop,Accessories,185.24,2025-08-31 22:00:29,East
b0cbc61f-3d85-4e89-8217-14298e200724,Tablet,Electronics,1940.67,2025-08-27 01:38:30,West
72bb912d-7da6-4785-b63b-4dc3a559e463,Keyboard,Electronics,1318.74,2025-12-28 02:48:09,Central
38ba8abc-4b53-45e5-97d2-582e046a0df5,Monitor,Accessories,117.87,2025-07-30 05:25:27,Central
a9f948b2-4e63-44bb-be49-3f43b118f68d,Tablet,Peripherals,1515.32,2025-10-07 00:37:24,West
87ea7ff5-8db0-4746-b927-99735e781fd7,Laptop,Electronics,541.44,2025-07-06 16:11:01,South
8ce6424d-bef5-4fe6-bf23-3d5f6cedd15d,Tablet,Accessories,1762.88,2025-07-01 15:19:51,West
455ac762-7428-4656-b3ee-4d3b5a104129,Laptop,Electronics,1946.56,2025-06-22 06:03:57,Central
b8a6171f-1ee3-4dc4-bb04-8a8b405bfdc9,Phone,Peripherals,325.17,2025-05-08 23:08:53,Central
892e6161-be2d-440a-9e9b-23bc50c7c006,Laptop,Peripherals,821.9,2025-12-16 04:15:16,South
3764fbda-3108-4448-af65-fafab0ae8f08,Laptop,Accessories,1894.65,2025-12-07 00:25:36,South
96ef2ad6-b97e-4703-86c8-adfe7bf47042,Monitor,Peripherals,590.8,2025-12-15 09:47:01,East
fb02bebb-4872-4a4d-98c7-472a864e9a13,Monitor,Accessories,1960.69,2025-04-03 05:06:13,South
3a3c563e-4bd6-4ee6-b1b1-b099d52721e7,Monitor,Peripherals,297.84,2025-07-13 07:47:16,South
b540b30e-039f-4a25-8d61-68bd2defe193,Keyboard,Peripherals,1495.12,2025-09-18 14:37:56,South
f96b648a-0ba6-4ab9-8639-447b2067bdac,Laptop,Accessories,1547.62,2025-03-16 08:21:06,West
f1afdb65-b289-4224-8ac9-778d8da8eee4,Tablet,Peripherals,541.67,2025-04-13 05:08:33,North
7daa39f0-c0b6-4ce2-9e53-790aa34b6cf6,Tablet,Peripherals,604.13,2025-04-04 00:19:07,Central
48ca7651-92f5-4f7b-8323-d342df6a8f93,Keyboard,Peripherals,984.38,2025-08-24 11:13:44,South
2f32751e-5738-411d-b0c2-903f7a8d03aa,Monitor,Peripherals,973.84,2025-03-15 02:59:53,East
7a4c75d4-dc99-404c-b0e9-8b3b40a26c60,Keyboard,Peripherals,760.65,2025-04-08 11:30:06,East
7de31a51-6694-4343-90ba-58e3d2762bdc,Phone,Peripherals,485.22,2025-03-23 22:37:42,West
0db95301-afbb-411a-a123-5a8c93b7a886,Phone,Accessories,96.86,2025-04-23 02:19:50,West
f2f9e5fa-9016-4161-8fa7-01cd2631d00b,Mouse,Accessories,778.3,2025-06-21 04:05:05,South
1e52d770-3f89-4142-be71-6b1415ce6a66,Monitor,Electronics,261.23,2025-09-27 21:45:00,Central
989bc4da-9b37-422b-aa8a-616fc3b290d0,Tablet,Electronics,1749.64,2025-12-27 06:22:16,West
85c7504b-c693-4a11-b9c6-a1ca9e50aa42,Laptop,Peripherals,1821.78,2025-07-20 21:30:45,North
4c1f55ab-7156-49ee-a893-be3d7354ea6f,Mouse,Electronics,825.86,2026-01-23 05:28:00,South
4e2d6645-6dc7-4ac7-bd72-b05096a9954f,Laptop,Accessories,1565.24,2025-10-02 00:08:35,East
f5c9b047-9c10-4572-8f6b-40d09efba58b,Tablet,Peripherals,1388.48,2025-12-07 14:15:53,North
3531968d-c342-4d2b-b295-456e19675f06,Tablet,Peripherals,1720.09,2025-10-24 02:21:18,West
14c8b3b4-a911-4192-83bf-d9313605bf54,Tablet,Peripherals,1440.25,2025-04-25 04:00:38,West
1337739e-8d4f-4d27-ac7f-0b793d67cde9,Keyboard,Electronics,1238.74,2025-04-24 23:07:20,South
b07aa066-7354-45ea-a894-9b8d00af5b3a,Mouse,Peripherals,1842.65,2025-10-11 18:51:14,South
3b4206c5-085b-45fb-8a8f-f810784c2f29,Mouse,Electronics,873.6,2025-06-15 01:27:52,North
dc0f2fcf-b3f6-4e0d-8860-3b32b4fb0eb9,Mouse,Peripherals,1746.43,2025-08-18 12:00:40,West
ec856f37-3bc1-4987-aff8-754d1238d630,Phone,Peripherals,605.94,2025-06-05 21:57:37,North
96fc734d-a003-4d28-8a8f-3653c9af18f8,Laptop,Accessories,1594.33,2025-11-06 22:48:18,East
6cd5e859-32a4-47b2-af04-e57dcdccc33a,Tablet,Accessories,867.07,2025-04-08 17:55:30,South
26242b40-a5cb-43a2-b98d-1ca68b6870b5,Keyboard,Accessories,1136.2,2026-02-10 23:08:27,South
1247ea4e-2469-48e8-939e-198b44007d5a,Phone,Electronics,167.15,2025-03-18 07:59:57,West
9854ce4e-4ebf-45c3-8ae9-b4a72a79ea68,Keyboard,Peripherals,489.25,2025-12-11 00:55:27,Central
49e2623d-ebd3-4616-91b7-8d8ed3016989,Phone,Electronics,927.69,2025-08-12 17:20:21,East
4dd8eb85-b04d-4376-b7fc-97031fd5a423,Monitor,Accessories,1337.01,2025-11-21 22:07:23,West
801ef1da-45b1-4d25-b153-3ae8670acc5c,Tablet,Peripherals,1097.73,2025-09-20 21:07:31,North
9918ee46-1497-4658-b010-f7197e695d0d,Monitor,Accessories,1975.43,2025-03-10 15:39:42,East
5283aac7-bc0a-4a5d-ae99-6e3ee3b137fc,Mouse,Accessories,1383.72,2025-10-15 15:09:05,West
3a9aca5e-1761-42ed-869f-14f140181c6e,Tablet,Electronics,1998.75,2025-11-12 01:02:55,West
964db03f-9340-4fad-9c4a-d56bd6016237,Laptop,Electronics,768.91,2025-03-03 05:29:38,East
d248a9a7-ac1a-4554-83c7-5611ffe3fa49,Keyboard,Accessories,1985.46,2025-06-07 20:09:26,East
c19ad58c-c35b-4c8c-8a4c-9f7f9384ec2b,Laptop,Peripherals,797.65,2025-05-02 05:01:42,North
7135f221-a6c9-437f-84da-d06a7872bdeb,Keyboard,Peripherals,1558.84,2026-02-13 22:32:59,North
95d82980-ff37-419c-ae76-128b473544f9,Keyboard,Peripherals,998.49,2025-08-11 10:52:30,East
f8140102-7de1-4dfe-9072-5b5ca2814044,Phone,Peripherals,1605.84,2025-03-30 14:34:24,South
5553b2fe-6889-403e-9913-f9d3785299f4,Mouse,Electronics,1245.57,2025-06-27 20:36:44,South
292bd156-db94-4570-9ac7-0ec0ab8ddeb4,Mouse,Electronics,1807.77,2025-07-01 06:07:31,North
49c8a43f-7ed7-4ed7-b194-990b6961929e,Tablet,Accessories,76.4,2025-11-07 11:51:31,East
c2b01cfd-d045-4d1c-a684-09e3f1f8343e,Mouse,Electronics,189.37,2025-09-24 19:24:16,East
50843242-168b-4625-b46f-78910964fbbf,Tablet,Peripherals,836.85,2025-06-01 04:39:37,South
c5c5b37a-f85e-46a1-9dad-09b252c21221,Phone,Peripherals,1754.16,2025-07-30 03:19:01,East
fcf56188-d32e-4dcd-83bc-9478dd6ac7b8,Keyboard,Peripherals,1827.84,2025-02-23 14:51:40,South
764414fd-8ae7-49ed-9e8e-de0ba85c6e4a,Tablet,Accessories,1935.09,2025-08-02 15:52:44,East
5c9d927d-84b8-41bb-b005-68d20de051a6,Mouse,Accessories,1610.42,2025-10-22 23:30:02,West
71299889-a01a-4992-bf9d-3e64c1a6423b,Laptop,Electronics,1510.76,2025-12-15 07:45:27,South
8c99a894-445d-4c38-b41c-64940d366dfc,Mouse,Peripherals,1352.07,2025-04-15 01:15:51,West
e17f29e1-7028-4046-89bc-473fed7bf656,Keyboard,Accessories,189.7,2025-11-21 08:17:40,West
f920264c-0763-4cd0-9f15-c7b67c16128d,Laptop,Accessories,1077.78,2025-10-25 20:21:56,West
b5b453ca-3d42-493c-8c9f-d3349bdf0377,Tablet,Peripherals,1500.53,2025-04-25 16:19:26,East
8d605936-0380-4b70-8d03-c91e4f8d5238,Keyboard,Accessories,1646.61,2025-07-31 14:52:52,East
d7665cda-fe04-4059-b985-fb6217dc8eff,Laptop,Peripherals,475.31,2026-02-12 17:15:20,North
1e1242e3-f272-42b6-b621-72ed1d0bc9bd,Keyboard,Peripherals,662.73,2025-11-01 17:13:27,Central
eec259dc-7f95-497c-a76a-a6ced50755d9,Phone,Peripherals,135.8,2025-11-28 11:21:34,West
45ff2c83-b495-4b4e-8245-6fb44ab7706e,Mouse,Accessories,1301.99,2025-08-03 12:46:59,North
78e3654b-faf1-4ff0-bb85-179ad5b077e0,Phone,Electronics,1893.06,2025-05-28 19:52:09,East
6232b17a-2507-4181-8d1f-b54074eff545,Monitor,Electronics,203.41,2025-05-08 04:44:59,Central
bf0d073d-821c-4336-9970-cf60ebff8d15,Phone,Accessories,912.75,2026-01-30 16:02:50,Central
46b82659-11df-42d7-9d30-de8922f235f2,Monitor,Peripherals,1487.12,2025-12-20 05:59:12,South
57021049-6a39-4aa6-9aba-c50dca3dd859,Monitor,Peripherals,207.05,2026-02-20 23:57:31,West
d20f87d0-4465-4d6b-81fb-18b3c9a7d91f,Keyboard,Accessories,1878.72,2025-02-24 04:02:32,East
d664d264-4c6e-47ff-b9de-7a3a486822b9,Laptop,Peripherals,747.35,2025-10-09 02:47:18,West
7d5911c6-a8f1-4091-bfb8-102d9475dbc9,Monitor,Electronics,1712.35,2026-01-25 04:56:44,North
7bfdcc12-89e0-4ab3-b250-ee18260a5962,Mouse,Accessories,1093.49,2025-07-07 04:55:14,East
8b1e3b9d-c34b-4fbb-8d4a-75b8551ac8ea,Laptop,Accessories,559.0,2025-07-19 15:59:06,North
de9e3757-5260-401e-aecf-67d2749176f4,Monitor,Electronics,1328.91,2025-05-07 10:30:00,Central
9261549d-3d22-4c30-b28f-41defb140bc3,Laptop,Electronics,1575.72,2025-07-21 21:40:46,South
69288e92-c68a-452f-9b23-aa8c3bcabf85,Phone,Peripherals,418.36,2025-03-12 02:57:17,Central
b489d070-7914-48a8-bea4-ff31517400f8,Phone,Peripherals,439.74,2026-02-12 21:55:07,South
fd08b32c-62d6-4e93-a198-5d54cfb87e6f,Tablet,Electronics,1579.4,2025-11-07 22:09:38,Central
fb16e5db-a6ea-479e-921c-82f8cada4f80,Laptop,Accessories,1718.23,2025-04-23 05:51:24,South
2051acef-097a-4e10-b6fe-bc0e7ecddbaf,Phone,Peripherals,508.8,2025-09-06 05:49:31,South
dea4ae17-54fd-4ad3-9716-108ef72169bb,Laptop,Peripherals,1734.23,2025-04-03 03:35:54,South
1986b4b2-70b7-4868-9854-80f0dfcaf0b7,Laptop,Accessories,1582.07,2025-09-15 10:21:06,South
b8f21423-03ed-41f8-b4f9-3d17e912b4bf,Keyboard,Accessories,41.4,2025-04-20 03:45:30,East
f84f16b3-a79f-4faf-9ef5-768968f45bce,Laptop,Electronics,1486.02,2025-04-24 02:53:00,Central
f81dbaa1-c812-4a8e-b830-89301327f1bc,Laptop,Peripherals,136.48,2025-06-06 02:19:25,West
65c17795-b155-46bc-9f8d-ed9756abf2f1,Tablet,Peripherals,1191.4,2025-11-02 13:02:56,West
da330aa1-541c-4fcd-9a0d-4a5f148f8b74,Keyboard,Electronics,1891.38,2025-11-12 01:35:59,North
f4427e0b-6148-4bb3-889b-78d5dbfdd97e,Mouse,Peripherals,1047.69,2025-06-26 03:37:42,West
c268283e-e32f-4e63-b7fd-dd71a075e927,Mouse,Electronics,131.04,2025-08-31 16:07:57,West
9e11d2cd-0930-4ef6-8a80-068ddf547e50,Monitor,Accessories,1375.33,2025-03-21 17:51:36,West
ebc2026f-af34-4f65-a193-c4b23c19e71d,Mouse,Accessories,156.25,2025-06-14 18:41:56,North
1723199d-bf2c-44a0-ba3c-8a71ff574e2b,Tablet,Peripherals,305.18,2025-08-10 17:02:23,South
a23d4c2f-c2a7-4689-9933-918cfa745761,Tablet,Peripherals,1269.82,2025-11-23 12:52:13,Central
2a96e1e2-7194-4ae2-99ba-d7aedf615a5c,Mouse,Accessories,768.0,2025-11-19 16:41:31,Central
0bc61066-0769-465f-a746-ccb94ca9cf07,Keyboard,Accessories,912.89,2025-06-29 03:31:24,Central
5bc440f1-4b1a-469b-8e5d-d462cbd00ef2,Monitor,Electronics,1588.26,2025-07-18 17:54:16,North
87fa841a-3e83-491f-a544-0fe06e417d47,Mouse,Peripherals,1756.64,2025-08-02 04:43:59,Central
2e183554-cae2-4e66-ae8a-781390e0a95b,Mouse,Electronics,865.84,2025-04-30 04:29:41,South
deef580f-9c07-4751-9437-45092cd1586a,Monitor,Accessories,1656.56,2025-07-21 17:42:13,West
7f671eec-3da7-4577-aee1-e86b9ea556aa,Monitor,Peripherals,199.22,2026-02-12 16:18:56,West
760debbb-3b70-43a1-a4a3-5cf29549c931,Tablet,Peripherals,517.23,2025-10-28 21:50:04,South
aab612c9-415d-474a-b5a6-69814104a8b5,Mouse,Accessories,143.6,2025-02-26 19:43:22,North
e6b5a92c-771a-4655-8dfc-6ee0e61ede90,Laptop,Accessories,202.16,2025-06-14 21:03:14,East
12e89d10-2871-4733-8bed-db12ad77e82f,Phone,Peripherals,129.36,2025-08-13 17:21:08,Central
966b1964-fcd6-4dca-9876-fd09f1faf665,Keyboard,Accessories,1343.33,2025-06-19 08:27:07,West
b0b862ef-6c9f-42b9-b647-8986a3917c99,Tablet,Peripherals,1882.85,2025-05-31 07:13:00,West
32ffe294-4d57-4880-9865-d69a74f33103,Mouse,Electronics,1937.11,2025-07-22 13:44:00,Central
3cb98350-1b4d-40fe-bbb3-8605da743152,Tablet,Accessories,216.17,2025-07-21 06:42:19,Central
4bbe4aff-9326-4ffd-9be4-bf5192698698,Phone,Electronics,1316.91,2025-11-21 17:53:09,South
d47d577b-fa5a-41ca-859d-d55d4b943e30,Laptop,Accessories,1692.29,2025-11-05 19:16:44,East
90e0b95f-0212-4554-8644-58b46553867d,Laptop,Accessories,1152.46,2026-01-25 03:08:42,West
f93e08d5-bea2-4dfe-873f-6e1baf908e3c,Keyboard,Peripherals,1231.01,2025-03-14 05:15:28,Central
7f2984f5-bec3-4a37-9b3d-74bde91e314e,Laptop,Peripherals,1858.88,2026-01-12 14:45:13,East
c696f5e6-4944-451b-a726-be23e776b886,Laptop,Electronics,553.81,2025-12-30 10:02:54,East
5a31b4cc-cd4b-49a9-9b68-9c883ae909fe,Tablet,Accessories,22.15,2025-05-19 05:24:09,South
402913ec-9ef2-493e-b0ac-7d7ba2f963a3,Keyboard,Peripherals,807.56,2025-11-13 09:21:18,South
a8c01f05-c478-46f1-b88e-c318c16d83ed,Mouse,Peripherals,1943.9,2025-11-14 14:09:42,North
18dfbc3c-a0d4-4e3d-a303-f6c6d69d42f1,Mouse,Peripherals,438.11,2026-02-09 00:27:55,West
4f1639a0-0a17-491e-a576-9411a0a11839,Monitor,Accessories,323.24,2025-12-26 10:30:53,East
5d678bb1-945e-42e4-888a-93ec70d9c9f8,Mouse,Accessories,1555.9,2025-12-04 14:13:13,Central
4b8c5bdc-e8dd-4e5a-9712-fb1621a4344f,Keyboard,Electronics,1767.85,2025-06-30 01:22:31,South
336749b5-2cf6-4f75-aa5e-6920bf5ae7e6,Phone,Peripherals,109.03,2025-04-15 11:57:03,North
f8b38a8b-e05f-48bc-8a16-a06cc958e75e,Tablet,Accessories,1327.26,2025-07-15 06:10:18,West
45c45a3e-e9da-484a-8075-9f1f87e5f0fe,Keyboard,Accessories,834.23,2026-01-11 16:41:54,South
d31edf1a-e9ff-4cae-81c8-ca8c2a1f955a,Keyboard,Electronics,696.89,2025-08-29 07:16:47,North
bf1e8366-4b8e-43d4-8e76-07adf7a67b94,Tablet,Peripherals,1360.19,2026-01-27 04:49:12,West
77e490c7-1d7b-4313-8de2-2f1c56b60afc,Keyboard,Peripherals,623.75,2025-03-24 09:58:24,South
39c1e262-f76c-4ede-8110-12662408a6dc,Monitor,Peripherals,119.02,2026-01-23 05:13:26,South
fadd7ea3-aca5-42fd-b966-442aad238d36,Tablet,Electronics,1537.03,2025-07-27 12:16:33,East
8eac0a33-cdf9-44a7-9882-b5c1f79efd70,Tablet,Accessories,248.77,2025-07-15 05:24:11,West
03902c5d-6502-46a2-8a6a-2224171e16cc,Mouse,Accessories,359.63,2025-06-05 21:03:54,West
5e5ba13d-746c-4b77-9fa3-82e8895ccd99,Keyboard,Peripherals,467.92,2025-11-11 11:20:51,Central
95a5bafa-431d-429f-ac1e-86d8bfbf397b,Mouse,Accessories,153.43,2025-07-21 03:32:51,North
5f18e583-f0b6-483f-a377-f6f1d289f0ab,Monitor,Electronics,924.91,2025-04-06 05:59:28,North
066803ee-78b2-4549-bbdb-c09eacc216a0,Tablet,Peripherals,864.28,2025-10-21 18:43:40,West
53f8382b-8fb8-44e4-b173-8856e25d36eb,Mouse,Peripherals,841.21,2026-02-13 14:56:09,North
102efde5-a5cc-4bf7-b8ab-854c9c2e58de,Monitor,Electronics,1932.74,2025-10-27 22:31:34,South
b379cb1e-e8cd-40cc-b6da-3ca0d2e82f38,Keyboard,Accessories,1665.73,2025-06-20 12:44:56,East
23c86d30-1dde-4969-a886-13dba6348e78,Laptop,Accessories,1690.52,2025-03-12 18:47:43,South
fef518a6-4dea-4645-8986-bbebf23e323d,Monitor,Peripherals,806.9,2025-09-02 11:43:36,North
e3236d1a-3c1b-4acc-98e1-93311dba1267,Monitor,Accessories,1494.15,2025-09-19 22:25:48,South
5efa9c5b-7421-4f46-a37e-4b0122bae10e,Tablet,Electronics,161.99,2025-11-10 13:31:01,North
f22b5b98-b24c-464f-be3e-6e57f30a9e32,Keyboard,Peripherals,395.87,2025-09-20 23:05:29,East
ba0266ef-be05-4787-965b-efdf6b4be411,Tablet,Peripherals,1916.86,2025-04-24 04:23:25,South
19597b5a-a7a8-4636-aa35-df59e2aa7a5d,Phone,Electronics,301.42,2026-01-12 22:42:54,South
f065c817-687a-4850-9d9b-62317d45d8ef,Phone,Peripherals,314.21,2025-06-11 19:29:58,North
379efc6e-5edb-4d3c-b0b6-3bcf08601833,Phone,Peripherals,993.29,2025-08-14 08:45:44,Central
dafec8a9-3c71-40be-b357-956071d79665,Keyboard,Accessories,1365.46,2025-07-14 00:36:41,Central
5e09a9ee-af88-4dec-bb1e-143b196f4dfa,Mouse,Peripherals,1973.2,2025-09-22 14:55:19,East
5bd20c98-a513-4ea0-ba53-e34de6d5901d,Mouse,Accessories,310.41,2025-03-18 16:30:00,North
f7dc67e0-3097-4b2b-86a0-2a9b65ec7acd,Monitor,Accessories,1266.46,2025-04-11 14:44:36,East
74685b98-d2fe-4fde-9918-b3e5f2f25eef,Keyboard,Electronics,710.37,2025-03-30 18:35:26,North
a3b5cece-a446-4e72-b64c-911aa9ab364a,Tablet,Accessories,909.31,2025-10-13 01:56:10,North
c96b5edb-0cf2-469b-8577-aea9f8999246,Tablet,Accessories,162.69,2025-07-02 16:39:47,North
c9776598-203c-4c25-bd23-5def3e5a87e3,Keyboard,Peripherals,1019.06,2025-09-30 10:22:50,West
c3e15a85-d46e-4104-9190-6f5034885a46,Keyboard,Peripherals,1908.92,2025-09-26 09:43:24,North
d0243d72-3748-467f-961d-33ba350843f0,Monitor,Peripherals,1307.16,2026-01-26 22:16:53,East
25c61c45-c63d-44ee-941c-7a863ba5cd2f,Keyboard,Accessories,1007.72,2025-12-26 10:49:30,North
46fb7bf3-00b9-44a3-9892-40ace68933a9,Monitor,Electronics,1623.82,2026-01-22 13:03:26,East
21472a15-fcce-46f6-a50a-4578fbe94499,Mouse,Electronics,1014.05,2025-09-20 23:18:19,South
1c24220e-2cab-47e7-8c6b-66e5402adf9c,Laptop,Electronics,1418.17,2025-11-06 21:38:10,West
03cde2e3-21bd-4b41-8699-8731ddcf8766,Keyboard,Peripherals,1223.51,2025-07-12 07:11:33,East
96bf10ab-3ce9-45e7-89d6-a63bca3c6f5f,Tablet,Accessories,780.96,2025-06-28 21:54:04,East
0d6a05b3-43ef-4016-ac9b-662e040a3aae,Mouse,Peripherals,114.21,2025-04-13 09:36:27,East
1d181ee9-86ad-4a8c-abc4-123ebde13c1b,Laptop,Accessories,198.07,2025-12-09 18:14:11,West
c72c1fe3-72c2-4a16-b9eb-4168104556e5,Tablet,Accessories,1450.23,2025-07-13 18:34:49,Central
73b6a09b-1bea-46ac-97fa-7f0483639007,Phone,Accessories,172.19,2025-09-06 20:14:58,South
0b19f88e-9d77-445e-b206-c26938b77c07,Tablet,Accessories,1935.72,2025-12-02 14:31:42,West
a8addf36-ddf2-45eb-a8a3-f341c8819065,Phone,Peripherals,1420.58,2025-09-13 16:24:36,North
f6ca6b8b-a4b1-4991-b542-46464d37a539,Tablet,Peripherals,759.59,2025-03-07 06:28:39,East
d8e88ebb-7a9e-4eef-bfa3-61be0f9240e1,Phone,Peripherals,1408.63,2025-07-29 03:28:35,Central
7d824264-1ba3-42e7-afa4-15e56d204496,Laptop,Peripherals,1344.21,2025-11-26 20:11:38,Central
e63658c9-12d0-498d-b18d-4d05e8e22743,Tablet,Electronics,731.57,2025-03-26 13:09:15,South
10d08d11-25f9-44bf-9bb9-61555275eb94,Phone,Accessories,1895.86,2025-04-13 04:19:24,West
95da75c1-a211-40f9-9fd3-4579466772ce,Phone,Electronics,1999.95,2025-09-24 03:11:05,South
fe9fecaa-6182-4347-933f-5a72b64fa54a,Laptop,Accessories,1690.41,2025-10-13 04:13:41,North
816bcb9f-7426-4193-8b7e-6b3c87d292a6,Keyboard,Peripherals,1671.89,2025-10-16 07:07:09,Central
b3a7d0e0-cb08-487d-9963-c26d6e218b09,Laptop,Peripherals,680.16,2025-04-08 14:32:56,Central
e0b15aba-a6a2-4967-a79b-44b6da509fed,Phone,Peripherals,759.67,2025-12-18 19:23:04,South
370bc063-dd90-479e-b888-f6ed8d244e3e,Phone,Peripherals,1544.48,2025-08-09 04:40:29,South
69efafb1-3a7e-4e14-a359-eee173991a47,Mouse,Accessories,96.95,2025-07-04 19:12:14,East
6a7e4c36-6613-4e69-b418-8109d3d1bf0f,Mouse,Peripherals,482.69,2025-12-03 12:36:50,West
50018b7b-6d40-47f4-9003-2b3518578baf,Keyboard,Accessories,1507.26,2025-11-08 11:23:13,West
2713582c-f41e-43ac-9fd2-31094140752c,Phone,Peripherals,485.95,2025-11-16 21:46:06,West
175a81ec-112f-4612-b969-9ed2ec48bf55,Phone,Accessories,1359.83,2026-01-12 04:48:30,Central
18b87245-6e8f-45a1-97dd-ed8115da705c,Monitor,Accessories,1541.18,2025-12-09 08:12:16,West
214f3f12-cfd0-4cbd-9f65-c8cebd21bc11,Keyboard,Peripherals,843.14,2025-09-27 05:53:01,South
8fc42092-f4e5-49e5-9622-93480f5ae9d3,Phone,Peripherals,285.41,2025-09-29 07:24:03,East
692ac139-1f4a-4ca1-ab85-fd595463adc7,Laptop,Peripherals,966.38,2025-07-10 11:54:19,East
c012a0ff-f0ed-4303-aa53-c19cdfa4bb9f,Keyboard,Electronics,1425.69,2025-08-06 10:11:22,Central
0d2b91ef-b897-4ec5-aa74-bb18de3b496f,Laptop,Accessories,176.91,2025-06-14 21:01:58,South
1a85910d-5a05-4c11-8ffc-a6b199b479d4,Tablet,Accessories,1811.56,2025-10-05 14:43:24,South
a81fdec3-279c-458a-b676-0ce581e5c9f6,Monitor,Electronics,1893.36,2025-08-29 10:27:48,South
59a1120e-1bb4-4332-98e7-012f39681c81,Monitor,Accessories,1861.64,2026-01-17 11:35:01,West
c33a1f6c-1d69-4fba-9e18-7b248e676a01,Laptop,Accessories,1008.99,2025-06-11 08:34:35,South
6dda4f8d-cea6-4f4c-b9e5-8ff092f837d4,Monitor,Electronics,756.08,2026-01-17 09:32:58,North
d1846c39-c476-4556-b97b-e2dd8f9b72ae,Tablet,Electronics,1679.96,2025-10-22 15:01:06,East
8e867f3c-a487-4eab-accb-461a9d132363,Phone,Electronics,86.22,2025-03-05 08:50:09,West
d4578ad9-a867-4096-add8-77c89be71737,Mouse,Electronics,1520.09,2025-11-19 11:45:08,West
45f50c52-2e2f-4f77-8769-79d644777442,Monitor,Peripherals,20.45,2025-11-23 01:45:35,North
56febfb9-ebe9-4207-8f19-9ec0c32d4526,Laptop,Accessories,439.15,2025-07-09 11:54:28,South
24ac2130-deaf-428d-ae70-983801902620,Keyboard,Peripherals,1221.67,2025-10-01 02:37:39,West
2451e5a4-11d0-49b2-a699-cd99a847bce7,Laptop,Accessories,482.9,2025-12-07 22:27:52,North
177d6e7e-07d9-44ce-b8c8-8faea2178f84,Laptop,Electronics,845.45,2025-12-09 22:23:53,Central
6b7a2460-604e-46cb-b712-f2d187cdb6a1,Monitor,Electronics,230.61,2025-08-18 08:25:03,West
4fc77768-5ebb-4ca5-a84b-f9625744f596,Keyboard,Peripherals,42.71,2025-11-30 09:53:39,Central
914dcfae-f100-43a7-86de-b2f0530ac1c7,Keyboard,Electronics,1439.9,2025-10-12 17:20:27,East
27d415b6-0d77-45a0-a222-b6a615bfbe97,Monitor,Electronics,1233.47,2025-04-25 07:17:56,South
ac8936bc-0cbd-4c03-9e2a-a4acc122b5b3,Keyboard,Accessories,382.75,2025-03-26 20:31:38,North
6c8c3b6a-a974-4079-b16f-da0a45a88829,Keyboard,Accessories,144.68,2025-08-30 18:49:39,Central
45ee432d-6a07-4213-b129-cec79b69554d,Keyboard,Peripherals,1574.96,2025-05-17 21:22:51,Central
585d3f86-1d23-44e6-8329-20b7c143f426,Keyboard,Electronics,787.0,2025-08-09 03:13:04,West
adb14670-ad9f-400d-8882-d73c1c6345ab,Laptop,Peripherals,779.89,2025-10-11 12:32:39,East
4ef492c1-aac9-4316-86e5-27537c93f6cc,Tablet,Peripherals,42.32,2025-03-12 19:27:10,North
996d5c50-fc04-4168-a52f-fb493873e57f,Tablet,Electronics,1468.55,2025-03-16 10:44:14,North
f200c261-4d29-41ab-b455-12f701f7c7ec,Keyboard,Peripherals,1515.79,2025-05-16 04:58:33,South
4169b9fc-c3a0-4c6f-a321-d1e1c47104c0,Laptop,Accessories,1096.57,2025-06-15 13:58:31,South
7f54a511-01fa-464e-9eb7-4b5653ffd3a2,Mouse,Accessories,1961.83,2025-12-10 06:48:31,West
61554667-2112-407c-acfa-55b06e3f683a,Mouse,Electronics,1624.88,2025-09-18 00:09:35,North
8f0881ee-8011-416b-bae8-8926b423ccde,Mouse,Accessories,83.6,2026-01-12 19:33:23,South
12738a23-5aaa-432f-8e63-22b6ab05347f,Laptop,Electronics,1772.72,2025-07-27 09:06:14,East
6fac1673-0ad4-4230-bdf6-6ba5dc9c96de,Tablet,Peripherals,802.47,2025-03-02 10:48:58,Central
dcb33df3-13ee-4dc6-abd1-4d2c75b27455,Monitor,Accessories,82.88,2025-06-24 18:04:08,South
67884209-92ca-425a-ade5-93329364f3d0,Tablet,Accessories,1725.66,2025-11-25 17:08:31,North
1d7c0098-4a1d-4b32-aaed-fdc7a3e05309,Mouse,Accessories,553.7,2025-07-30 11:18:26,East
2bffe17b-5324-41fc-b758-dce20556daea,Monitor,Accessories,1489.18,2025-12-31 08:59:46,West
d4ffa666-75c8-490d-9e3d-750df296d9f0,Tablet,Electronics,997.44,2025-11-17 23:45:50,West
6fcc57dd-168f-4e12-9ca2-60c9eb7607c9,Tablet,Peripherals,540.77,2026-01-17 03:17:50,North
96c044d0-6f88-4f28-be49-fd091b19d8b8,Mouse,Accessories,167.06,2025-07-28 16:35:43,Central
dedab027-6550-474a-9422-373f862268d1,Phone,Peripherals,594.6,2025-06-23 16:06:03,North
5543fc3c-38b8-424e-96ea-57b3beed10b6,Laptop,Accessories,1325.23,2025-12-22 18:02:14,East
a21b0307-82af-485c-938d-994c2b0abedd,Monitor,Peripherals,1438.15,2025-04-08 10:56:16,South
e7ea8d5a-31a3-4c4d-828c-37e787d5b7be,Mouse,Accessories,709.58,2025-12-21 15:06:14,North
f54e2019-ba35-444e-99e1-ac095970a859,Mouse,Accessories,1233.55,2026-01-07 05:17:12,West
3c7c1d85-25cf-4041-90a6-43fea53bc024,Tablet,Peripherals,1960.25,2025-04-04 02:20:24,North
2c6a6e9a-3280-47a1-8187-222b257d5e52,Laptop,Peripherals,1278.65,2025-10-15 02:53:52,East
a7cf705c-c257-4f73-829d-782b2722796e,Keyboard,Peripherals,1362.03,2025-03-24 10:28:33,North
a0c14035-c5d9-4f51-b387-e1bd2d5972c6,Phone,Peripherals,1359.4,2025-09-03 01:38:13,West
c2874f06-9050-47ef-8123-5c9176c5a0dc,Laptop,Electronics,143.79,2025-10-06 05:09:59,East
e1cde87f-ec95-4f87-ae5e-c36572eb7474,Tablet,Accessories,1899.44,2025-09-30 09:34:38,North
9fe0a8c7-fc8d-4b93-a2a2-e91fa49b1cd9,Keyboard,Electronics,1361.33,2025-06-28 16:39:05,East
50ee7a92-a091-41e0-b891-b0c3dd3f487e,Tablet,Accessories,1528.54,2025-04-22 19:09:26,Central
71348c2a-780b-4657-917b-355b70944bdb,Phone,Peripherals,740.23,2025-10-26 09:04:06,East
97674900-4651-4367-8bdc-43184d85a3d2,Mouse,Accessories,506.73,2025-03-16 23:41:40,North
4f76e388-12fe-48bf-81e0-d4895a18e2a3,Laptop,Peripherals,380.24,2025-08-21 11:53:03,Central
5e659654-0e90-48b6-89a0-a0f673b0a091,Monitor,Peripherals,244.34,2026-01-12 04:06:25,East
dd3f7d7e-a508-4c95-93a4-a492497de16d,Mouse,Accessories,437.0,2026-01-21 08:02:40,Central
81cf3252-9815-4d6c-9d71-3084171dabf9,Tablet,Peripherals,1833.79,2025-07-22 11:46:08,West
f4488385-8de7-4d6c-9490-77c27674456f,Phone,Electronics,280.1,2025-12-27 16:24:33,North
7321bf6b-0a80-46ec-a558-2e16bd29ede9,Monitor,Electronics,1798.37,2026-02-11 05:05:31,West
30307633-a6de-41d8-9258-17b7cf501889,Laptop,Peripherals,1935.45,2025-06-28 00:58:44,East
269ed4c9-8059-4b93-b9c2-d2e49ae1a991,Mouse,Accessories,1421.99,2025-03-19 04:50:13,Central
e62d2d06-cf9b-4558-9a7f-195b73557b9d,Keyboard,Accessories,1783.75,2026-01-14 09:03:12,South
15969802-b6dd-4257-bb7d-9f1c57eb89b1,Mouse,Peripherals,1855.38,2025-09-07 02:52:12,South
3f6c21f7-0a05-47f0-ac2c-d22ba56895c6,Tablet,Peripherals,456.24,2025-11-24 23:38:41,South
86295b5d-707d-4251-bdb1-429e7010ed13,Phone,Electronics,1582.84,2025-09-14 04:29:50,North
5f733a3e-5d28-4aa4-a8a3-97799c1c3517,Tablet,Peripherals,1148.83,2026-02-14 15:55:24,West
c6435300-68a5-4c68-a32d-bb5e486bb6bf,Keyboard,Electronics,1227.78,2025-07-04 13:56:34,North
ca0ac6ac-0d67-438e-990f-0c5badcc3daf,Laptop,Accessories,802.34,2025-10-26 04:25:17,West
54669d19-10df-4974-95ab-946da5b5cdc2,Keyboard,Accessories,1540.64,2025-03-31 20:59:30,Central
48bddb3e-62f5-4f2b-adaa-44ca8ed6ad5e,Laptop,Electronics,1945.04,2025-06-01 00:54:12,North
f6e39356-a814-4562-9a00-3f16b9469bcf,Monitor,Accessories,1363.42,2026-02-10 03:51:31,East
555736f8-267e-4dce-9f8f-41979a4a99b2,Phone,Peripherals,1283.19,2025-03-26 19:47:09,South
eaafe543-2434-4678-a9e2-7ba9952e6abb,Phone,Accessories,1010.7,2025-07-09 00:41:54,North
b2cf952d-a7f3-43b3-b7ba-f55e4f6b58c8,Laptop,Peripherals,314.5,2025-11-07 07:40:46,South
b576255e-9854-4f22-a102-f9c964575bc4,Phone,Accessories,1870.13,2026-02-22 10:56:48,South
606e0e1c-8f15-4449-8f40-c22f15b02530,Tablet,Peripherals,1790.9,2025-10-31 01:55:27,North
20b71785-d02c-40c1-9417-0a17caaa5bbe,Tablet,Electronics,1273.76,2025-11-10 10:04:12,Central
bd20563b-f275-45f3-9436-a7a8b3ecb951,Tablet,Electronics,1253.79,2025-11-16 08:39:29,Central
a561e1e9-17ec-489c-86c1-b6cbe99630f7,Keyboard,Electronics,1010.12,2025-11-10 13:14:08,South
04aac1b7-5ca0-4428-822c-4d326c645c15,Keyboard,Peripherals,316.85,2025-07-13 23:47:15,Central
36d55494-f37f-450d-ae25-b5ee4f11d8dc,Mouse,Peripherals,681.86,2025-07-05 21:18:31,Central
31274148-7c7c-404e-8422-d03ef29a6339,Laptop,Electronics,171.63,2025-05-22 03:40:00,Central
13c11754-27aa-4cbc-a337-7bbcfffe77c8,Tablet,Peripherals,429.51,2025-06-18 01:06:52,Central
81f7f3fb-19e4-4c6a-89c2-3e69d82c7565,Monitor,Peripherals,1281.59,2025-12-19 13:12:20,West
e238fe93-bd17-45e8-95ca-69ab8a2e6a93,Mouse,Peripherals,586.45,2025-09-15 15:45:46,East
e05b46c5-5636-4094-a974-31db09a9d1c1,Monitor,Electronics,1611.33,2025-12-17 18:38:13,West
6070b6a1-98e5-4499-a18c-6e1c9e374f7a,Tablet,Accessories,155.22,2025-04-24 01:52:20,North
b15e54f6-d4d3-4795-ae4b-ebc429890880,Phone,Accessories,837.09,2025-12-19 15:17:06,West
2a60c652-e714-4668-8f1d-7d3a9feefdff,Phone,Accessories,1217.25,2025-11-30 06:02:42,East
5d42b9e9-692e-47b6-8b2f-6d5c700b5d5f,Mouse,Accessories,1471.06,2025-11-12 20:17:30,East
71b701aa-f836-4571-bcce-c76cb836c448,Monitor,Electronics,1523.72,2025-10-18 07:17:39,Central
c8a723e9-bfa0-46c2-809c-b50648f1096d,Keyboard,Electronics,645.04,2025-08-16 12:26:39,West
4f3949a8-3d3a-4582-88b4-f4743be79df4,Laptop,Accessories,904.7,2026-01-03 05:03:11,South
d5c9fdc7-e76a-4ca9-b811-6802c8cc7cfe,Laptop,Electronics,587.52,2025-05-09 12:29:39,West
92070158-f277-4f63-ada5-84175e2ad32d,Keyboard,Accessories,504.06,2025-08-13 06:47:52,South
c7332304-4822-4120-84f9-eccd7630a8a7,Tablet,Peripherals,1445.05,2025-07-21 11:26:29,South
f75d599f-6b2d-4b09-8707-9ad480be7e35,Phone,Accessories,1991.98,2025-04-27 02:37:26,West
9acb394a-cd1f-4318-b31f-63fbd11fc8c0,Monitor,Accessories,999.77,2025-04-17 22:06:01,North
a4244f23-0d5b-47cd-8000-35f0df7d0dd7,Monitor,Peripherals,919.89,2025-08-28 19:33:43,South
ef2ddcc4-8df6-41da-9f07-c1a5dfc620ce,Phone,Peripherals,712.26,2025-04-04 00:20:17,North
d9e604b3-8412-4335-988c-656db61e5fdb,Tablet,Accessories,1199.06,2025-04-12 14:12:48,West
290a3abb-c35b-4fea-9578-d70948f9e3d0,Tablet,Peripherals,26.27,2025-06-09 02:43:54,North
25b8a42f-836b-45c7-a7c2-25da73069588,Monitor,Electronics,1766.09,2026-01-11 22:02:57,East
e916da57-f248-43ab-977a-8a5f6ffe33b3,Monitor,Accessories,100.03,2025-05-20 09:40:36,North
597e6845-e277-48c5-b37d-1fb6d11376e0,Keyboard,Peripherals,397.36,2026-02-19 12:45:34,Central
657e01c9-0da2-4e5c-aa36-af1806d3db93,Tablet,Electronics,778.83,2025-09-06 03:10:40,West
fe9936a3-62db-4850-bc5b-f3a75fbbf0b1,Keyboard,Accessories,1652.37,2025-03-26 20:45:01,Central
519554e3-0737-4c86-b97b-5f515ffa46ef,Mouse,Peripherals,246.43,2026-02-19 16:03:31,North
a663d2cd-b6f6-4bf1-96d4-41cc195d82f8,Monitor,Accessories,1591.85,2025-07-03 09:15:54,East
09ce3cfb-2339-4a19-a563-7cc3ca97ebf5,Keyboard,Accessories,1512.38,2025-06-14 14:02:32,South
b231c60b-78f2-4e6b-946b-415deada79a3,Keyboard,Peripherals,808.76,2026-01-11 22:38:37,North
781799ff-b49e-44cc-8243-69e72387eaf6,Laptop,Electronics,282.7,2025-08-16 09:24:04,East
144823f7-e7e6-46c7-8158-24639d8776a0,Monitor,Peripherals,919.41,2025-03-02 13:15:41,Central
2646eaf9-d5c0-444d-b735-262d41843b03,Keyboard,Electronics,662.65,2025-09-24 07:21:31,Central
871c0884-9bdf-40f2-ba2c-0f19f0b2a5d1,Tablet,Electronics,791.98,2025-08-06 13:09:10,Central
3cd5fd7f-49c1-4669-86b3-3fe61c76bdf6,Mouse,Accessories,1191.51,2025-06-20 03:03:54,Central
6b79afcc-3d0a-4f0c-8c39-4ec71f317405,Keyboard,Peripherals,984.79,2025-10-29 07:35:39,Central
10142131-7505-45f5-9f70-8368cb3cf8ca,Tablet,Accessories,1633.34,2025-04-07 05:24:10,East
98c3e3ca-7ff4-4ec6-a7b7-b4c6d6312a80,Tablet,Peripherals,228.11,2025-09-19 08:30:57,West
93364f7e-83ef-49f3-a1c7-cc8a04351b64,Keyboard,Accessories,1595.54,2025-05-28 03:09:33,North
6de299a1-4a90-4d0c-a4c1-73b9b7f28572,Keyboard,Accessories,538.41,2025-02-23 18:42:47,Central
92170475-3d95-4e3f-9a52-26e69d642932,Keyboard,Electronics,1445.59,2025-08-03 22:49:26,Central
15eacbcf-ab10-41ce-aa14-3cd82ff3cde4,Monitor,Electronics,1053.22,2025-09-14 11:21:43,Central
f4124360-1153-4e99-9c50-8720f982f4e0,Monitor,Electronics,1645.11,2025-09-15 11:21:42,South
fd034ada-c952-4185-81e0-3a5e8b48f496,Laptop,Peripherals,1896.93,2025-09-08 07:31:04,North
df92a621-63f4-469d-8534-a1018ddce719,Phone,Electronics,887.67,2025-08-24 18:06:32,West
fb25664d-630a-4767-a2bb-522b0b251279,Phone,Accessories,1384.1,2025-07-18 03:33:46,West
5b6a8102-0428-4378-bf50-23f440ef3935,Keyboard,Peripherals,1841.84,2025-12-26 09:40:18,North
bba205ca-3dba-4da8-9844-f9fc114b9547,Mouse,Electronics,1042.18,2025-11-05 08:47:21,Central
94f79dba-c581-4d2d-9a89-b71ea0d572c8,Tablet,Peripherals,961.96,2025-12-05 16:34:18,West
0b599562-2227-419f-951f-f086c1b5b5ca,Tablet,Electronics,924.73,2025-07-09 23:47:51,Central
a48e40f1-d042-4dfa-96ab-087a8bc78e81,Tablet,Peripherals,715.03,2025-05-02 04:04:53,East
76f186ab-af47-4b49-8775-e395d49405f0,Keyboard,Accessories,392.61,2025-11-20 05:37:48,South
cfbe4fe9-2ea9-4542-a1b9-70d07a8104de,Tablet,Peripherals,604.01,2025-04-16 13:02:58,East
f1901b7e-c6b4-49ef-b74e-ba9310275b53,Tablet,Peripherals,422.48,2025-08-19 22:00:55,West
0b36e356-339b-47a8-8b1f-0d7b0977c513,Tablet,Accessories,704.12,2025-12-27 09:48:17,East
50cae32d-0aba-490e-a2c3-28aa33107475,Tablet,Electronics,1151.22,2026-02-20 15:46:50,Central
fd372539-65f2-42f9-83f0-2dc74f612217,Monitor,Accessories,1638.57,2026-01-05 20:16:04,South
095ffa81-40d9-4bce-b930-ba208b040f49,Tablet,Electronics,582.38,2025-12-12 17:18:45,North
5b62a8df-493e-404d-b0ec-2796a59b457f,Tablet,Accessories,1315.38,2026-01-23 23:50:45,West
a7de02cc-dda4-44a7-8c3c-e284c7e53bbb,Phone,Electronics,1657.62,2025-07-02 01:53:41,East
5e368127-cca1-445c-9fdd-980a45f18619,Keyboard,Peripherals,550.53,2025-08-11 20:48:52,North
7092947d-be49-49ec-a667-d3bbe3b56360,Keyboard,Peripherals,1177.79,2026-02-05 14:45:29,South
f945f2fd-56cb-4ab0-a2fb-26d7f4dbca07,Laptop,Peripherals,1811.32,2025-05-06 17:23:42,South
5e0a72ab-7f5d-4163-b12b-66807f072cb9,Mouse,Electronics,114.46,2026-02-17 03:19:49,West
cd180a82-4447-4eab-84ef-4324cc1b4157,Tablet,Peripherals,950.08,2025-03-27 06:07:39,South
6e3c4532-1434-4f62-acac-028cba220065,Laptop,Peripherals,1956.04,2025-10-15 03:24:15,South
8ba435cc-2e32-4567-9284-f54efebec0db,Monitor,Peripherals,1870.71,2025-06-17 06:14:02,West
53f28f11-147f-4570-9a43-db54523ae993,Monitor,Peripherals,406.92,2025-11-06 20:20:46,East
9a45693d-7227-490e-8e76-833a4baf0f5e,Tablet,Accessories,1295.34,2025-11-28 21:14:08,North
71a3fad2-b094-4d2a-aaa9-3b436d15f16f,Mouse,Peripherals,472.12,2025-07-09 16:47:16,North
debac186-ba10-4217-8ad7-c9a2727716ec,Phone,Accessories,1765.67,2026-02-12 04:55:39,South
6f5842c3-ff86-4c31-9d66-e8155a4153b3,Laptop,Accessories,1578.04,2025-06-09 19:10:26,South
f2a9dc8a-ca9e-4a62-bae3-114ba3b442bd,Mouse,Accessories,1754.72,2025-03-17 10:44:54,North
67fd64c4-a334-458a-abd2-b5121335e5db,Tablet,Peripherals,1209.54,2025-07-14 06:26:15,East
adedda80-bff9-407d-8d14-a03e83599af6,Tablet,Accessories,1978.31,2025-04-26 07:19:00,Central
d942644c-248d-41ec-87f8-d4f0f3ea0184,Keyboard,Accessories,1779.63,2025-10-17 03:07:20,South
08e895d7-702c-4821-8804-0fb7ad973b67,Keyboard,Accessories,552.95,2025-04-13 04:40:53,North
a52964ff-c74c-4890-bc6a-3174113634a5,Tablet,Electronics,1464.93,2025-07-15 10:33:40,East
9136f1f8-f310-46dc-a202-bee65cb5e69c,Mouse,Electronics,38.03,2025-03-07 17:59:08,East
732e2016-add7-42c9-a747-b93c9ae77eab,Tablet,Peripherals,1352.06,2025-07-17 05:46:20,South
13aec376-c359-410a-b1a6-014c5f3c44dc,Phone,Peripherals,1713.73,2025-10-04 01:28:16,West
65e58f34-5df0-4e8c-878a-aed9233ffc82,Monitor,Peripherals,662.57,2025-06-25 06:25:01,West
f5e4a471-3fe6-4c9c-8758-367ba6499cdc,Mouse,Electronics,377.71,2025-04-08 05:33:00,South
7fc15858-2fa0-4842-bc55-300b06a241af,Monitor,Accessories,1872.29,2025-09-12 05:52:05,North
1e2595b8-8fc9-486b-a9dd-ebf563119aca,Tablet,Accessories,478.69,2025-06-04 20:04:04,East
723ef466-b43b-427f-82a2-59a6c6641285,Tablet,Accessories,1169.1,2025-05-17 12:04:25,Central
b1a8b71f-491b-40e9-9ca3-fbb3ff11c8ba,Laptop,Accessories,1310.83,2026-02-14 02:20:06,South
1f652a87-333e-4344-bdbf-4bc1ffa623d0,Laptop,Peripherals,245.27,2025-04-16 21:12:46,East
2c33350c-73b9-41d8-92f5-131ada52d2ee,Phone,Accessories,1375.29,2026-02-07 04:25:41,East
1679742f-ff4c-46d6-b1f2-ce8fb69f68c3,Mouse,Electronics,1281.04,2026-01-03 22:39:47,East
fc902838-d874-4408-b7b2-17c7ae92ea71,Tablet,Peripherals,449.49,2025-06-27 06:54:23,South
109fd8ee-b5a4-4200-98f0-dd23aaf78c67,Monitor,Electronics,915.41,2025-09-24 18:28:38,Central
4cc9f5f2-e42e-4037-8a55-2ea08acbbe09,Tablet,Accessories,1406.86,2026-01-19 19:24:07,West
ed6522b4-b5a5-48e6-b639-1f0428524385,Keyboard,Peripherals,1652.95,2025-11-22 02:38:56,South
5c8ac066-cb2f-4fa3-ac91-3a7ca3404f08,Mouse,Peripherals,1747.54,2025-09-08 18:04:47,North
3373730e-fc31-4597-9f11-9c0f3967e60a,Keyboard,Accessories,1061.06,2025-12-27 18:43:10,East
7e7838c9-ca55-438b-bc9a-be10238d6f44,Laptop,Peripherals,233.3,2025-03-05 09:07:02,Central
5e70f65f-9280-45aa-8dd4-595b5c63b6f3,Keyboard,Electronics,1149.68,2025-08-23 16:40:14,South
2138afe0-8d38-4bd8-bba6-abf7cdbcc653,Phone,Accessories,1710.43,2025-10-18 19:54:16,West
4f2dad3f-10d4-4e39-9612-37c9e25df9a8,Laptop,Peripherals,418.75,2025-07-27 19:15:08,Central
7a89cbeb-b807-478a-b788-f5d1ffe575f6,Monitor,Electronics,1798.79,2025-09-15 07:58:16,West
d2c65ee4-68d0-42a8-84e7-f7dd6929de73,Laptop,Accessories,272.57,2025-10-04 10:35:37,West
5128b9b1-f8ed-40ca-a015-6a7212e153a6,Monitor,Peripherals,124.9,2025-10-30 15:09:43,West
ae1b9f69-7740-4831-b331-874912fc7a87,Mouse,Accessories,1449.33,2025-09-12 02:16:38,West
d43cdd6d-e0c1-4f1e-a0da-897258321ee4,Tablet,Electronics,1494.15,2025-12-23 04:42:36,Central
2e9522d6-9679-4482-a3c9-88e48d2238e6,Laptop,Electronics,853.16,2025-12-18 08:22:33,North
80bbae52-6ec0-4269-a108-4dd9f75d1e3c,Keyboard,Electronics,1869.82,2026-02-11 20:35:09,North
1fc905f8-d4d6-4735-8e2f-8958de431e06,Monitor,Electronics,581.31,2025-09-12 09:11:39,South
2976aab2-2a26-4770-8ddb-1b36272c0588,Phone,Peripherals,1956.88,2025-06-28 11:32:55,West
5894f7f1-39b8-4bb2-b596-ca7cef4afa88,Tablet,Accessories,902.59,2025-09-12 16:36:37,West
143029a9-d88f-4c94-88b7-63d5e519dd7e,Monitor,Electronics,1368.63,2025-05-31 11:56:35,Central
8d03f17a-f4d3-45c1-a293-19fa3240d7a1,Phone,Peripherals,1721.97,2025-06-09 18:12:05,North
9d4b2bf9-4d85-49c7-a001-7720200b2903,Phone,Peripherals,792.19,2025-09-18 08:30:29,South
2b2bb8e9-a417-4093-80a8-a23d17eaec83,Mouse,Electronics,1671.3,2025-10-11 00:11:13,North
2bd3cdcd-2779-4685-94a5-3fdef10d27c8,Tablet,Accessories,1350.26,2025-11-05 23:58:04,Central
9aea622f-e6e9-47ca-b87b-63849fddde2e,Monitor,Peripherals,764.76,2025-07-04 06:58:30,South
0a8bb5b4-9049-4583-ac86-a890d7b00bdc,Phone,Accessories,698.86,2026-01-09 15:53:31,East
0ba36279-14cb-4564-8743-7c3bdd20c3bf,Phone,Peripherals,1533.32,2025-10-30 06:54:52,North
a6b07458-43c0-4d43-93a7-4792c561b8dc,Mouse,Accessories,1233.7,2025-05-16 01:00:32,North
9e3c5a88-6aa5-4e6d-9277-9574c4576cc3,Phone,Electronics,143.91,2025-10-29 07:57:43,Central
a08dd21b-e395-4cb1-bf7f-6c0a07c0d116,Laptop,Accessories,1199.59,2025-09-23 01:16:59,North
4d560a3d-f4e7-469a-a454-09374a27ebf2,Phone,Peripherals,98.03,2025-08-29 17:30:16,West
af5b8f47-ceae-41cf-8e00-0af03eb05181,Phone,Peripherals,442.37,2025-07-30 21:11:21,North
b048faa1-12ae-4c22-b41b-77f54c24a053,Phone,Peripherals,1987.03,2025-03-18 10:33:44,South
7bf7e1d3-6a66-4fce-b089-fc6d2877f5d9,Mouse,Peripherals,644.62,2025-08-22 13:02:49,Central
24c778a5-9b4e-464b-9716-dc2e343ada2a,Mouse,Accessories,481.44,2025-06-24 13:36:45,South
bbf483ce-51be-480e-b7e6-a14cdc8a4922,Mouse,Peripherals,449.88,2026-01-23 11:09:32,East
2179e3f0-6612-4ab4-b9b2-1e6e586a346a,Tablet,Electronics,1117.87,2025-12-15 14:02:38,Central
1b2ededb-8fc8-4fc0-83d5-bceb5edbb8ee,Mouse,Electronics,1255.73,2025-06-27 02:30:29,West
44790612-1f5d-488f-b76a-bf093de28859,Keyboard,Accessories,103.3,2025-08-16 18:40:15,East
0cf477ef-18c8-4616-a410-8e9a3f779cae,Mouse,Peripherals,768.5,2025-06-15 21:06:15,Central
9d896047-dd39-4793-a257-a4a2f204be89,Tablet,Peripherals,838.49,2025-08-04 13:25:50,South
e6fdd7af-dd84-4acc-b672-94643f8ea40a,Tablet,Accessories,375.92,2025-04-26 04:38:28,Central
93e34c35-ef0a-473d-93d2-d56dd0401587,Monitor,Electronics,1700.19,2025-11-30 05:32:11,East
28caaa1d-c35b-4c2c-b098-f7b2500e15c0,Mouse,Electronics,1613.49,2025-09-04 16:18:14,North
7faeb748-7781-421e-83c5-01cbfef7d9ea,Keyboard,Accessories,1935.89,2026-01-30 13:42:41,Central
170d7507-05ee-41d4-bf53-a88e4efc8248,Keyboard,Electronics,782.95,2025-07-25 21:24:55,East
3da06476-f778-4676-b50d-112e8164ceec,Phone,Accessories,1296.94,2025-05-17 17:25:25,West
0cf0374c-0c74-4c0f-9a57-553995560a2d,Tablet,Electronics,1075.91,2025-06-12 10:33:49,South
d7c4fe9c-e1e0-4ffc-98f6-fd7f7eb162f1,Laptop,Accessories,760.56,2025-11-04 06:16:40,Central
896490ab-4926-4e5f-b878-6140ac2a4f71,Keyboard,Electronics,1748.5,2025-02-26 08:21:05,South
22498f66-6e51-484d-9b84-edc3d8e049de,Keyboard,Peripherals,1346.19,2026-01-31 21:12:57,South
c38c1dec-5da3-4a73-ba3d-f7ff43b47ee5,Monitor,Electronics,1740.25,2025-07-29 18:43:58,East
0d18ab95-668c-4477-8b95-017c5dae1201,Tablet,Electronics,431.5,2025-10-02 15:32:33,South
8da00495-5cce-4ba9-b1d4-ee098fd33afc,Mouse,Electronics,1496.29,2025-06-15 06:05:43,West
734a6ca3-8116-43fc-a2e7-c1a612d2fa06,Phone,Peripherals,1212.76,2025-12-17 00:53:42,South
fd350c5f-d347-4a3b-879b-c6378cc36f3b,Monitor,Electronics,1108.64,2025-10-23 05:09:54,East
20f0156a-1e6a-4628-9c6d-52d5ae2e9af9,Monitor,Accessories,1071.96,2025-04-01 17:16:09,East
fc9e1dcb-cb7e-4268-9f89-ed1264d6dfbf,Tablet,Accessories,725.69,2025-07-04 20:38:11,West
c14565c7-5d98-4115-b05e-eefe8ece1128,Monitor,Electronics,1607.61,2025-04-20 04:48:06,West
66c14dca-8255-4a61-9a3b-031932f57510,Tablet,Electronics,747.7,2025-09-05 09:11:47,West
2314d0c8-09f6-4405-8b99-00340a4e2552,Laptop,Peripherals,1729.53,2025-11-27 07:17:26,South
84f2fd0f-7947-4bfa-8dd0-b4d4554227de,Laptop,Accessories,1111.09,2025-08-19 15:34:28,Central
83f82f16-e4a4-474c-9b33-e3a42620f9a9,Keyboard,Peripherals,840.98,2025-04-18 10:59:08,South
518b2f21-9cf2-4859-ae6e-2e7253f591dc,Phone,Accessories,467.74,2025-04-27 06:45:40,Central
bd44089d-9dd2-49de-bd98-fe336498abe9,Phone,Accessories,1105.78,2026-01-16 09:45:06,East
81df6517-561c-4210-97fe-56c54c9a9f24,Tablet,Accessories,1933.35,2026-01-10 20:20:56,West
b56ff8ce-7d66-471e-8847-6c56827c9f8c,Monitor,Electronics,1468.22,2025-09-29 18:58:00,East
044251db-d0d4-4a67-b992-8faa4cbf131d,Phone,Electronics,1443.42,2025-07-16 05:28:34,West
fada98f5-1c0f-4bdc-ac7e-937c54cc1e2a,Phone,Peripherals,1980.74,2025-08-03 22:34:09,North
e61599c8-cbf8-4f86-8ec3-f970956d80e4,Keyboard,Electronics,1679.75,2025-12-01 20:38:38,North
06d25913-a117-4719-b023-a0eadf41e335,Mouse,Electronics,1531.03,2025-10-12 23:44:00,West
a7d4cf50-f791-41e5-83f9-cd6b797ebe87,Phone,Peripherals,470.55,2025-12-24 05:19:35,South
93dfd907-9416-44dc-86b2-8deff8d8b7f1,Laptop,Electronics,1016.41,2025-05-22 12:59:20,East
7afeb114-9561-4813-8d25-9caab8adad87,Laptop,Peripherals,1279.08,2025-04-30 09:25:12,Central
9ea7017c-b89f-4039-a107-cc4686341718,Monitor,Peripherals,980.83,2025-12-20 23:59:05,North
d25864f2-25d4-40fc-a154-2765d756ba9c,Keyboard,Peripherals,828.56,2025-11-14 12:58:01,North
f2bd92f2-9293-4705-8815-01473e00980e,Keyboard,Peripherals,556.73,2025-11-22 05:27:38,East
70e7e756-04d9-445e-b0d7-3df71c221cea,Laptop,Peripherals,1628.18,2025-06-24 23:57:30,West
b0c4a01c-69b7-40fa-a6c4-32f66b352f85,Phone,Electronics,1836.92,2025-05-13 08:32:26,Central
9c89d374-c664-45a7-8077-3e33690e7e62,Phone,Electronics,391.94,2026-02-15 16:00:34,Central
bc5fd4dd-d92f-4c1e-9f70-fb2a78bb22a5,Tablet,Accessories,541.98,2025-12-02 16:00:41,West
84c86c46-2359-4fa4-b4ad-af890ff1aa9f,Laptop,Accessories,1919.0,2025-05-14 16:41:50,West
a987b218-ff84-4aef-9336-723b8f964685,Keyboard,Electronics,1980.56,2025-08-27 22:52:23,South
f4e95734-5052-4700-a077-96a38685abaa,Tablet,Peripherals,1657.84,2025-05-01 10:18:34,North
57a2be4e-887b-43e5-a980-f80875ac824c,Mouse,Peripherals,1521.58,2025-09-23 07:46:04,North
de1e994a-c5a1-4f5c-ad05-b9125ab28d4a,Monitor,Accessories,760.57,2025-11-30 03:38:11,West
b17cfb21-cdbc-4c1c-a4af-e7bdae455cc6,Laptop,Peripherals,28.81,2025-06-05 20:09:59,South
f5141058-3138-4975-bbf3-3a349c2dfa97,Laptop,Accessories,1692.21,2025-05-29 21:51:26,East
3990e2c9-4c6a-40f4-8ede-c44d476cf68c,Keyboard,Electronics,1790.63,2025-06-18 18:06:04,North
35102852-b474-4349-89fc-2cd8c56bad4c,Phone,Electronics,1803.53,2025-11-18 05:38:05,Central
7ad465a1-5129-450d-bd2f-4e58b47a1c5b,Monitor,Accessories,102.66,2025-07-08 15:12:49,North
cb9faf6d-ef3a-4f27-af06-fccb8f7c1d59,Mouse,Accessories,1799.63,2025-11-30 10:31:55,Central
92cf6021-1f33-442d-89ac-908746015028,Mouse,Electronics,366.92,2025-11-12 22:42:32,East
faebcd19-e550-4ea2-a133-a34d8b0e8eb1,Laptop,Electronics,1178.2,2025-07-26 09:26:29,West
c5e78b23-f461-4f09-985a-befbd1812f77,Laptop,Accessories,333.28,2026-01-01 15:41:44,South
49a22441-0ac4-4e85-8a5b-1aff257f7595,Keyboard,Accessories,1357.3,2025-11-27 12:24:42,Central
713f8f8c-ec8b-4537-98ab-4778143b45e3,Tablet,Accessories,1513.66,2025-11-04 22:14:06,South
36c7d6fa-7aa4-4052-bf51-936241a64fed,Mouse,Peripherals,166.07,2025-05-12 15:32:34,East
eedaa802-4568-4426-89e0-3e22d3f4a49b,Laptop,Electronics,879.81,2025-09-29 10:31:12,North
1bf645f6-2324-4211-8588-fc1bb2384849,Tablet,Peripherals,1540.32,2025-10-20 06:39:30,Central
3e11bafe-3d41-46fe-963a-8617bdab07e7,Monitor,Accessories,68.96,2025-03-14 21:18:02,East
39c59df9-87f2-45d6-a7ba-26acab7a3d1c,Monitor,Accessories,464.0,2025-10-28 22:12:24,Central
69ce1e4e-19a6-42c9-8d70-0ea43b9b2d45,Monitor,Accessories,379.62,2025-07-01 10:41:31,Central
ae62990c-19bd-4f93-b8ef-7666b7a4c719,Mouse,Accessories,180.53,2025-12-19 12:11:34,Central
8ce3e7c3-f6ea-43a0-8153-922123310a28,Tablet,Electronics,1429.09,2026-02-18 23:58:09,North
ef5e4376-a723-4b72-a82b-163a286ed390,Tablet,Electronics,766.2,2026-01-31 04:21:42,South
a689b424-7a3a-40e1-b9c7-73a0e0decc3d,Mouse,Accessories,640.19,2025-05-11 15:11:48,North
52380bf2-4988-4418-b6c3-1218c1836315,Laptop,Electronics,1886.49,2025-06-14 00:23:46,West
c4cb294f-e86e-4e63-8f25-477da55990e7,Tablet,Accessories,213.44,2025-03-29 21:58:00,North
88ffbd40-3b72-486d-92fa-675fa6fd0cb1,Phone,Accessories,903.2,2025-12-07 01:11:23,Central
098c60b3-efc9-409e-99af-6e09b91e3d6e,Keyboard,Accessories,215.55,2026-02-12 20:03:01,North
e1dace6a-6afa-428c-acd1-0b9febe5841f,Tablet,Peripherals,195.2,2026-01-14 11:10:33,Central
094d916d-eb6d-4fed-af15-8d5b2d007d05,Tablet,Accessories,34.56,2026-01-13 22:06:40,West
2fb21e66-7ed1-4aab-89b7-c9bc65a16fa9,Monitor,Electronics,1452.44,2026-02-21 21:57:31,Central
ed10f004-df4e-413e-b64e-3dfcbfbeac7a,Phone,Peripherals,1047.0,2025-06-15 14:09:36,West
4c636e95-025f-4543-8997-623ae0723d96,Phone,Electronics,545.15,2025-10-01 17:55:14,East
fba57cc8-edaf-4766-9b78-0ede9a4ffc0c,Monitor,Electronics,135.9,2025-07-03 06:57:04,West
a42d0cd7-fd35-4f6a-b450-388748d90846,Tablet,Accessories,606.51,2025-09-22 04:03:36,North
f0458043-e3a6-4a70-be71-0b558639bd41,Tablet,Accessories,1889.0,2025-04-16 06:57:59,West
45d8a6ad-77d0-459e-8114-14f8d9df0d0e,Keyboard,Peripherals,399.14,2025-05-09 01:15:53,North
2999394c-54a7-469b-9cd6-6b09cf0e6d2b,Phone,Accessories,23.47,2025-12-04 02:39:27,West
b7f60cdf-41dc-4c60-a5f6-0735757b6b29,Tablet,Peripherals,765.98,2025-05-06 11:38:01,East
ca6fbff8-564c-4bd2-bc92-fd81039b058c,Monitor,Accessories,866.93,2025-06-17 17:57:28,Central
317304b5-c1dd-484a-aca5-8d95915a1c30,Phone,Accessories,648.12,2025-05-02 07:51:49,South
e5a4983b-a383-489a-9b2c-6ac89c678393,Monitor,Accessories,363.5,2025-07-30 15:34:36,West
53f30073-83e9-4ef4-ad7d-f5d0d3b59af7,Tablet,Accessories,1472.4,2025-03-28 20:35:13,West
2f4dd219-186b-4880-ab54-5a15669d01ff,Keyboard,Electronics,658.51,2025-04-18 18:43:48,East
3f800385-ef92-40b6-92d7-8f107a3a6e96,Monitor,Accessories,236.64,2025-02-25 19:47:37,Central
725d4259-3c4b-4eec-a231-ee7342c2d2eb,Phone,Peripherals,1994.56,2025-12-12 21:39:13,South
4d4c5280-5462-42e7-b43b-a0524459bd6e,Mouse,Peripherals,63.56,2025-10-07 09:03:36,West
42f525b9-02ed-43ce-92a8-1713b90ed44b,Mouse,Electronics,882.53,2025-11-04 00:54:11,East
0fe76149-3c7e-4368-b159-48475c0b9b10,Mouse,Electronics,1639.74,2025-11-09 12:21:00,West
28e333b6-4e8a-4c4b-b724-20411e43fbd2,Mouse,Accessories,286.97,2025-07-30 14:53:21,East
e5267a2b-ec50-4ce4-80a5-2e65afa28559,Phone,Accessories,1320.74,2026-02-02 23:02:29,West
b0b6dedf-4f9c-4027-8514-4d98b41c504f,Monitor,Electronics,903.64,2025-04-09 18:31:35,Central
4b87959f-f0cd-4f05-aa87-855ea38295d3,Monitor,Peripherals,807.6,2025-07-15 21:53:23,Central
f5159494-3818-4fd3-b889-936a9d5817e8,Mouse,Accessories,1091.85,2025-04-16 01:05:01,East
bf6b8cdf-7479-4b61-a737-2b527a6a2107,Mouse,Peripherals,1191.7,2025-10-16 10:01:43,North
8c9aa1e9-b3b2-4337-aa74-dbb75fa5e0aa,Laptop,Electronics,1318.63,2026-02-12 16:00:58,East
cd4f8b2b-899a-4252-81e1-b94a78883058,Phone,Peripherals,1229.23,2025-11-08 01:56:28,Central
3f59e4f2-c309-4b6e-b7e9-d2e2d35ac07a,Mouse,Peripherals,1297.02,2025-11-14 09:22:43,East
c9912032-df85-4777-9887-4bfec1369c65,Monitor,Electronics,30.99,2025-03-26 23:13:08,East
b42a0456-8736-4a84-b25e-134d86879aa9,Phone,Peripherals,1496.24,2025-07-13 16:12:42,Central
1cb9b73a-906d-4c8c-aad0-8c8913fe8a29,Keyboard,Peripherals,1154.72,2025-03-19 03:45:33,West
8167999f-e723-4da3-8c32-bdb2d42a895e,Tablet,Accessories,931.5,2025-05-12 16:22:12,Central
2a1f1b61-265c-49d9-8962-8f6e929c93b3,Mouse,Peripherals,309.98,2025-06-30 14:24:37,North
1dc1e7eb-711c-4673-8535-1a69dabf984e,Monitor,Electronics,597.91,2025-11-14 08:56:37,North
7d23d479-9549-4a82-b787-ef8d3495311e,Laptop,Peripherals,291.93,2025-03-30 11:46:12,East
cf0671c7-720b-474b-82a7-f586e61d9cde,Tablet,Accessories,1570.7,2025-03-16 18:41:44,Central
6a5943ce-8364-45e3-a1c7-1aa3741423b5,Monitor,Accessories,957.56,2025-08-19 13:48:10,West
765e6cb5-8f0d-4540-8ec7-d662905c7bdd,Mouse,Peripherals,910.37,2025-11-11 10:46:55,North
0592bfa5-b928-423f-8ee4-334ece920136,Tablet,Electronics,1622.27,2025-07-26 22:38:31,North
beed0af9-00c5-4f30-9103-142441241bb4,Laptop,Accessories,1299.46,2025-05-18 19:07:11,South
6c776e95-0b98-4ccd-92b2-102d940c3503,Mouse,Electronics,1036.83,2025-07-06 23:22:27,Central
fe7ee362-8a89-40f0-9052-91d3b34c6c73,Phone,Accessories,1124.1,2025-03-18 13:45:20,West
fc737d92-11ab-4d11-a4eb-8000ef40d162,Phone,Accessories,1263.22,2026-02-20 19:33:05,South
68ab80ea-497e-46d1-881f-c6dc78d9a88a,Mouse,Peripherals,869.95,2025-05-04 01:40:48,North
a43afb7a-c40d-4874-a2ab-7752c4db5a62,Mouse,Peripherals,1767.36,2025-12-03 09:36:11,West
5fdcabbf-6b9c-471c-b6ba-745ba55871e3,Keyboard,Accessories,783.78,2026-02-04 07:57:49,South
eac80da1-de9f-4f5b-b2d3-545861ea2f30,Phone,Accessories,1507.13,2026-02-10 07:48:59,North
aec76a82-148b-4376-a02a-4e5760a399d4,Keyboard,Electronics,1601.01,2025-11-07 04:29:09,Central
a74e02a9-220b-4ea9-8a0f-9508dfe2c0a0,Phone,Accessories,658.71,2026-01-23 06:35:04,West
fe2b34d8-2db0-428d-9e5e-be5459077299,Laptop,Accessories,1344.7,2025-09-19 19:44:40,West
ba54e920-2099-4180-8762-3997649f7d88,Keyboard,Peripherals,633.67,2025-05-20 15:45:20,West
05d1fb63-c194-497f-80e3-a026d5b6de85,Keyboard,Accessories,1178.14,2025-06-19 01:04:37,East
8b60c511-b816-4aeb-ac6a-7c8576876c62,Tablet,Accessories,1238.55,2025-08-06 21:17:32,East
3acb43a3-d2c7-4ffb-a118-433b882ccd1e,Keyboard,Peripherals,178.66,2025-05-30 07:06:42,South
4690fb15-27b6-48dc-989d-ecb075eb89c2,Tablet,Electronics,484.76,2025-05-07 08:53:51,North
c3f725fe-b99b-4b5a-a00d-a49deffa2002,Phone,Accessories,1389.94,2025-04-07 23:55:14,Central
6b535a19-a902-473f-8f39-f648083f64c3,Monitor,Accessories,1196.89,2025-10-19 23:37:55,Central
e39836bb-e23d-4faa-afad-49e9c41c147e,Monitor,Accessories,379.65,2025-03-01 05:57:42,Central
19d45deb-1139-4a12-b4c1-c3ea3d9c4e64,Mouse,Peripherals,1862.08,2025-10-11 20:05:35,South
ac09bdb7-9908-4e47-b249-f62c08987462,Keyboard,Electronics,984.39,2025-11-23 07:14:08,South
bd9419aa-3ea6-45b2-8c76-0d28df495037,Phone,Accessories,1685.55,2025-03-12 08:26:55,Central
8a2db2e6-3bfd-48a6-b05f-ddf566fadca0,Laptop,Accessories,1904.17,2025-05-18 13:13:41,West
0e731dd7-c6ac-4b04-9d1d-6cd1c11f6bf5,Phone,Electronics,1632.28,2025-04-18 14:17:26,Central
3bf2025f-4a0d-4b73-be54-ee4b80ff5173,Keyboard,Peripherals,994.99,2026-01-05 23:48:41,West
51a3ac26-937b-479b-bb44-badcea98fef8,Monitor,Peripherals,1681.38,2025-10-05 10:35:16,West
d18183d1-ac2b-4cfc-85c5-1060991121e7,Phone,Electronics,1135.14,2025-06-27 16:56:52,South
24acb722-e052-4739-8d40-6f1b3ca5be29,Tablet,Electronics,556.96,2025-11-06 13:45:29,Central
4ceda164-69df-44e9-b896-41dd8570b59f,Tablet,Electronics,1563.67,2025-06-10 00:45:10,Central
97777f10-f2d2-493f-8e85-140d0f9aeb70,Mouse,Accessories,1103.96,2026-01-30 19:39:36,North
a0411612-2cd5-4759-a95d-2761bc36dc59,Keyboard,Electronics,543.1,2025-11-13 18:32:31,Central
0c00988a-7ee1-411a-8e4c-3ab56d5d0477,Tablet,Peripherals,1647.0,2025-07-06 22:18:40,North
61935990-abdd-4a8f-a4b0-5c89f10bce9c,Mouse,Accessories,1097.24,2025-12-25 08:21:43,West
6a944054-b241-4482-9198-94d886433603,Laptop,Peripherals,1661.84,2025-07-31 17:23:01,South
2f12b150-605f-41eb-8cc5-7e0d26332018,Tablet,Electronics,904.97,2025-12-13 03:48:00,East
d96e684f-3db0-474e-b938-878a89b5aab0,Laptop,Accessories,1731.93,2025-05-21 16:29:45,North
24f43c62-b523-40de-9b87-d29c4cfd0fc1,Phone,Electronics,1623.3,2026-01-02 02:30:38,Central
8ff8869d-0ec0-413d-aa2c-7a517688d11f,Mouse,Accessories,1723.49,2025-08-02 10:33:55,Central
87ad8b26-8eaa-4841-aaa0-426df7c0d5f7,Mouse,Accessories,340.3,2025-04-16 05:58:03,South
340de049-4147-4506-be2b-f9c9636f6e5c,Phone,Electronics,1612.83,2025-07-01 10:24:24,Central
73253aa3-ec17-4298-943d-f5b3a58e83dd,Tablet,Peripherals,569.36,2026-01-18 03:59:16,Central
b97e6224-891f-4912-97ab-b8635efeef4f,Phone,Accessories,1958.21,2026-01-11 06:45:33,East
608e149e-44b9-4602-8d31-812e30c36756,Tablet,Peripherals,542.01,2025-11-11 19:12:35,Central
dfa59722-0a1f-49df-9a59-19749adf4709,Mouse,Electronics,279.82,2025-03-23 10:31:53,West
966be275-c2fe-4954-8dfd-9531302b7831,Laptop,Accessories,1735.42,2025-12-01 11:08:47,South
7ab99428-378e-4510-8f10-d33eabe42e7d,Mouse,Electronics,506.86,2025-05-15 07:07:11,East
4d9dbaeb-553d-4625-a833-4da5de95d695,Phone,Peripherals,791.47,2026-02-11 04:34:19,South
30a5648e-efe9-43d0-b639-08bf03ece8ff,Keyboard,Peripherals,544.75,2025-12-08 03:10:56,West
c11bd1c4-ffe3-4366-bf33-7a151e086f20,Monitor,Accessories,160.28,2025-08-28 03:59:54,North
9aba0f15-b214-4062-be1a-963eea18d32c,Monitor,Peripherals,1502.11,2025-11-23 11:43:52,East
3d44cb2c-ea45-4a41-a589-ada1345af934,Monitor,Accessories,661.31,2025-09-25 13:53:04,North
61730c48-4876-4153-8688-13fe52555c75,Mouse,Electronics,1464.55,2025-08-23 05:54:06,West
4ef4c34d-5bf8-4f3c-a612-9a1c889d4b76,Mouse,Peripherals,1397.61,2025-06-04 18:03:48,North
7f4d908c-e1ff-46c0-8347-f1da5c11ab6d,Keyboard,Accessories,443.48,2025-08-23 03:36:18,West
b8f0188e-fb37-4fae-8d85-63ca193e638d,Phone,Accessories,544.39,2025-08-24 12:06:01,East
ea11905b-51fa-4efa-96f8-9f7ac2fa1da8,Tablet,Peripherals,1160.09,2025-05-13 01:25:04,Central
0bb401e7-69f7-43f1-901b-a8515ee68495,Monitor,Accessories,1789.37,2025-09-29 15:14:34,North
255b30e2-bdc2-474b-b8a5-6b49dd34aa18,Laptop,Electronics,1256.1,2025-03-01 11:18:46,West
95831d58-ef4c-4119-8da5-d39b42c21797,Laptop,Electronics,1859.57,2025-10-06 02:08:08,South
27046f25-4b91-48cb-aae6-6582b852b3cd,Monitor,Accessories,11.35,2025-05-10 08:46:20,West
91ddb9bf-613d-4de9-bae2-802354720d2d,Phone,Peripherals,1819.72,2026-01-12 19:38:09,East
a7946320-8cf6-48b8-bfd2-38c33ee82983,Phone,Accessories,195.75,2025-11-16 03:21:56,East
d253d966-c36b-4a0a-81e0-2a89566a9ce7,Tablet,Electronics,749.97,2025-08-31 22:24:40,South
bd5609c4-a446-4663-b93b-17fbf76d15fd,Laptop,Accessories,1254.95,2025-09-01 16:48:53,South
cb8383f2-bb96-4602-ab11-5c3675f8e3a8,Monitor,Peripherals,191.49,2025-07-09 22:39:08,North
8bea75c1-b866-47aa-a3d4-526b2b54ff7a,Laptop,Electronics,958.85,2025-08-31 19:34:13,South
8ac97b01-e3ad-44d4-aab9-eb022f1dc121,Keyboard,Electronics,1043.69,2025-10-30 10:13:48,West
08a8ac7f-8621-48ad-8f09-105cf50d7a37,Laptop,Electronics,1394.24,2026-01-15 00:49:03,North
d1682e09-f1f7-4904-9307-5157d8c128e7,Monitor,Peripherals,273.03,2025-11-09 16:21:10,North
6992896e-01a2-4ed1-83ab-b5f10c6b7074,Phone,Accessories,187.77,2025-04-17 13:38:47,North
116658ce-3b3f-4800-a175-a9c3d7b102a9,Laptop,Accessories,741.45,2025-11-24 19:25:50,East
8177b661-37fe-432c-8257-185126a9e100,Phone,Accessories,1549.19,2025-08-19 06:27:02,South
a3422e50-9e2a-4324-8f79-a8a75f8a14bd,Mouse,Peripherals,294.28,2025-11-09 02:44:13,Central
7bb3447b-e9aa-444b-9dd4-3675ef145064,Keyboard,Electronics,1224.54,2025-11-06 05:06:28,South
883f13c6-01b1-48e9-8406-ff447ce40679,Monitor,Accessories,1447.64,2025-09-25 09:49:23,South
8787ea21-0448-4a22-8308-aa5e694d7b00,Monitor,Peripherals,1376.27,2025-11-30 15:27:23,South
49646b96-fa3c-4628-8926-21df465568b7,Laptop,Electronics,288.63,2025-03-01 19:54:47,North
ac8d6c7d-b2a6-4468-902b-124380913ac1,Keyboard,Peripherals,774.22,2025-08-09 09:21:56,West
2de46e91-e8e6-4840-b090-f5a0ce610199,Tablet,Electronics,503.09,2025-04-05 17:35:52,North
261e2555-863e-4f2a-98a8-06efeb053fc4,Phone,Peripherals,1205.99,2025-05-27 18:07:29,Central
409e7a80-86c5-41d6-9ea9-f50831227592,Tablet,Peripherals,63.38,2026-01-05 18:28:52,East
659b0105-cb80-4288-846f-64dd5abca6e5,Phone,Peripherals,1217.78,2025-03-25 20:38:42,South
7580e050-67f1-498c-b594-8a545f804eeb,Mouse,Accessories,598.13,2025-09-30 14:20:04,North
39d1c7ff-b27e-4442-bd7f-e9733e42df5b,Phone,Accessories,777.91,2025-06-19 16:05:55,South
14a34f7f-d90d-419b-93fb-e043af1d5a1a,Monitor,Peripherals,1191.92,2025-11-04 01:23:27,Central
c27437eb-a65f-4b8a-9bb4-4021fdde64af,Laptop,Accessories,1868.51,2025-03-07 11:27:12,South
608e2f5c-6117-4270-a7c0-518b17efa621,Monitor,Peripherals,847.52,2025-09-25 19:40:59,Central
026b5383-a301-4c03-8e5d-8c6a79db7862,Mouse,Electronics,1527.82,2025-11-23 03:07:26,North
d867888b-7ff6-4824-952a-eaec2bdfcb41,Laptop,Peripherals,144.39,2025-08-10 16:27:48,East
90dbfad6-54ce-46be-88cc-e2c2a518a418,Phone,Electronics,1845.93,2026-01-22 08:54:07,West
873570a2-e511-4961-9869-a217f94d8fcb,Keyboard,Accessories,1260.86,2026-02-15 03:15:07,Central
e6b9d31a-361f-4d90-bad1-fa330ae4ac11,Monitor,Accessories,1406.6,2026-01-26 07:34:06,North
79ba630a-9118-4400-a336-c243b139c476,Mouse,Peripherals,1079.93,2025-06-08 10:55:17,South
af36b8cc-1308-4974-ac95-b3ac0beb7c34,Tablet,Electronics,626.71,2026-02-17 15:12:29,Central
90422eb7-8b04-4f53-a639-49d447c68688,Phone,Electronics,1077.42,2025-11-05 18:09:18,West
d9b59f84-edc3-41c3-adea-2d2d086c405f,Keyboard,Peripherals,1528.82,2025-06-25 07:20:32,North
9647ff9f-3508-407a-b622-d84204022b3c,Tablet,Peripherals,880.6,2025-04-20 04:05:42,South
d226a8b3-b674-410d-9218-c9d6c093bfb0,Laptop,Electronics,181.56,2025-07-27 20:31:13,West
299656e2-4c9d-4907-93b2-2cecedcabf94,Laptop,Accessories,1228.47,2025-09-30 04:36:14,North
d9750f00-d5ab-48ae-9112-fbc03d8f95f4,Tablet,Peripherals,1485.97,2025-07-24 07:20:05,South
54ec3f33-8a62-4cbd-a582-b678ad5229dd,Laptop,Electronics,1418.72,2025-07-22 05:50:18,North
ca5e151b-23d3-4d4c-bd5f-f093c16f9bcc,Phone,Accessories,1906.5,2025-11-17 20:58:20,Central
bed63da0-8033-45c2-9413-d64db962c8a7,Keyboard,Peripherals,525.9,2025-07-07 11:46:36,East
3b6dca0d-6fe5-440b-9901-ef870dbf0caf,Phone,Peripherals,1564.44,2026-01-14 21:08:48,East
c4dd8df5-9aec-46a8-9731-16091375ee90,Mouse,Electronics,1545.15,2025-10-19 13:46:16,North
f80b2cea-658e-44a2-9879-cf35f4719986,Tablet,Accessories,551.24,2025-12-20 14:11:12,North
45f8c28d-a255-41bb-8795-8c1f538d6b8c,Tablet,Peripherals,1950.35,2025-12-24 11:19:49,North
3a67470c-7d98-402f-b357-41e5fe1a1ba9,Monitor,Accessories,1026.46,2025-07-11 08:31:59,North
6e8d9644-601b-4bcb-b0ee-bcce8d93e14a,Monitor,Peripherals,342.09,2025-05-06 07:20:04,South
614c721d-a921-4b4c-95fb-e976ae007b7e,Tablet,Electronics,1789.59,2025-03-28 10:51:34,North
cc4d5819-4b9d-4d58-9e5d-9c7ac5acc354,Phone,Peripherals,1022.56,2025-05-29 21:12:39,North
4499d0a6-1500-4170-92d1-5585b68e47fa,Laptop,Electronics,101.5,2025-04-24 01:34:33,East
a247541d-c8ad-4899-b630-794d6147adeb,Monitor,Electronics,366.13,2025-04-24 02:05:50,North
5c56d9bc-5111-431d-a3be-441dbd5a0c9e,Keyboard,Peripherals,1483.92,2025-04-05 13:15:32,West
4eea9db8-f165-4779-8154-7950176de21f,Phone,Accessories,504.04,2025-08-14 21:22:16,East
1a2bd69c-450f-49ee-82e7-9a985c238d8d,Tablet,Electronics,1147.36,2025-04-15 15:11:14,North
72e76b51-6e54-4c6d-aff8-e87e16591c89,Keyboard,Peripherals,1804.86,2025-09-27 11:36:33,South
1a7167c7-6875-4545-832f-52c48e0370cf,Phone,Peripherals,1963.01,2025-03-05 08:54:40,West
17d30f32-8de1-496c-9a9a-206a16f142a2,Laptop,Accessories,1733.4,2025-10-12 23:52:21,East
dd1ca267-530d-4da6-88d0-f9e5991965ea,Tablet,Electronics,1110.65,2025-07-22 18:48:36,North
6346d4ef-69ef-44e3-8ab6-821c0328c136,Tablet,Electronics,590.27,2025-12-22 18:30:53,East
8f3dc97f-e6b0-4a0a-b98f-5dbe15aede0f,Mouse,Peripherals,492.74,2026-02-09 17:16:42,East
926bffa5-3e24-4fbf-ba69-8cd2fe2390f3,Keyboard,Accessories,1995.6,2025-09-13 13:10:43,South
2b64777c-6177-4771-af70-de702b69c95e,Mouse,Peripherals,1523.36,2025-04-18 02:12:56,South
7e3d5ee4-44b6-4ec1-8d16-f04944d7df9a,Phone,Electronics,1865.47,2025-04-20 20:20:37,North
46a56fe8-6f46-41b1-aace-1aa9103246b3,Phone,Peripherals,699.38,2025-08-05 17:05:26,North
13b11e59-c85c-4714-bbf6-95524cbc9044,Tablet,Electronics,1520.27,2025-07-13 10:03:38,West
b88cddde-3f20-46c2-b1b8-8d65406f64d6,Mouse,Peripherals,621.95,2025-10-23 21:52:07,South
320f72c0-9dde-4188-9803-b22e7eece88d,Keyboard,Electronics,845.43,2025-08-19 23:42:44,North
01bb819c-4dfe-4117-a2af-711f1b628a9d,Phone,Peripherals,566.85,2025-07-26 20:14:56,North
614077d3-9ec4-4a48-9773-f98d550c2fe9,Phone,Peripherals,831.98,2026-01-01 10:40:05,East
55b145e4-70b2-4304-945c-d88ddcb9075e,Monitor,Peripherals,178.96,2025-08-09 09:45:59,North
a6aa59e5-dc08-4f29-92d3-3488d0c30018,Keyboard,Electronics,1278.06,2025-10-12 00:16:33,West
9a6c0db9-5217-4c88-8ce9-53a722d90db3,Laptop,Peripherals,1139.96,2025-11-20 04:43:35,West
2d79a2d1-506e-40c7-baa0-61e9336b00cb,Mouse,Electronics,481.18,2025-07-27 19:59:39,East
bc20b9f2-4a9c-489e-91b3-0182f7fe604f,Tablet,Accessories,1404.44,2025-11-20 01:36:30,East
936cd31c-f7bf-4244-bdb2-a7aaa205e54f,Tablet,Accessories,551.19,2025-12-23 20:39:42,North
47c1c017-6045-4909-936d-47d73e0f84ce,Phone,Electronics,1562.07,2026-01-06 06:24:46,Central
1d27c09a-5d71-4898-a497-6593c92e8c93,Laptop,Electronics,220.26,2026-02-20 03:37:40,West
ff4cc10f-979c-40cf-b326-1887905881df,Monitor,Accessories,818.96,2025-09-23 01:45:51,Central
8cd34c62-c482-4b71-ae84-b81c2e0fb5b3,Tablet,Electronics,909.31,2025-03-05 15:00:31,West
f166cdcf-762c-4fbc-ba2a-a7baf3f81c31,Tablet,Electronics,189.94,2025-11-25 06:35:31,East
4a94ae9f-cc35-4e4f-b03e-957f35ab8466,Mouse,Peripherals,1210.57,2026-01-12 00:14:25,South
d908a121-d1a7-4a20-91b4-61e9b15da72d,Tablet,Electronics,191.51,2025-12-29 04:11:30,South
7fd255ee-ac48-4366-a8bd-80d7cb881c32,Tablet,Accessories,1031.78,2025-04-18 05:22:33,East
40afbf3f-3df5-4967-8d86-70bda2224f96,Tablet,Electronics,71.85,2025-11-05 23:18:58,West
ca00ef58-6c52-4d13-b719-bb682775ee42,Monitor,Peripherals,1498.68,2025-07-19 13:56:29,South
9912316a-fd9e-4e20-b2f6-095812ef6101,Laptop,Accessories,212.8,2025-08-28 06:55:25,South
81b15db9-88cc-4d49-a69b-29b8950df1a0,Laptop,Electronics,132.72,2026-02-16 19:44:12,South
6b15c11b-b113-450b-9ea0-50c6eb9ed274,Phone,Electronics,1649.11,2025-09-22 07:16:23,East
5c0a1feb-f7ea-466e-8a6c-af9b09697101,Mouse,Peripherals,1875.77,2025-11-22 15:50:16,North
98049562-8972-4bbd-8ff2-b1c4e53f9644,Keyboard,Peripherals,525.05,2025-10-29 00:24:16,North
c4da2c2e-1bff-4279-95c1-604fea163354,Laptop,Electronics,403.52,2025-05-30 13:48:46,West
2a9528c3-5ae1-4bad-aa29-60fda85894df,Phone,Electronics,1811.11,2025-11-01 10:36:29,East
fbcdbf5e-902f-4465-8b57-07209cd8758b,Laptop,Electronics,1885.14,2025-10-31 16:15:32,North
f780ef2f-664d-4922-a590-fd3cad6ecc57,Phone,Peripherals,871.98,2025-12-12 11:38:40,West
6e3255a8-cbd5-4c86-b739-36e954e38579,Monitor,Electronics,771.63,2025-04-05 07:36:26,West
38d5101f-423c-4d9d-993e-478302b34254,Phone,Accessories,437.29,2025-09-09 11:58:48,South
949cd8d4-8ed8-480d-84cf-ee39bf31c29f,Tablet,Accessories,897.56,2025-11-17 05:37:45,South
5fc64cd0-721e-4b1f-b895-89399342a09f,Laptop,Peripherals,1242.16,2025-07-25 01:46:01,South
96add4df-adf7-4924-85b8-386b768b4f7e,Mouse,Accessories,1002.79,2025-11-18 07:28:28,Central
ff69723d-584f-485b-a697-384d801e8690,Monitor,Electronics,184.57,2025-03-04 17:04:22,West
6a7d5d96-4ba1-4233-9ac3-bf317b96e2d1,Phone,Accessories,406.92,2026-02-15 16:15:26,Central
d4d13d55-1db6-4844-95fa-9483f633cc2d,Phone,Peripherals,1988.23,2025-12-03 17:37:49,Central
57d337d3-4fd8-4bbb-992c-11072444d301,Laptop,Accessories,1566.01,2025-08-19 00:08:24,East
7ba109d0-8567-4805-b4f5-41c0c8c5eb2a,Monitor,Peripherals,1565.06,2025-07-08 10:31:35,East
b8d49848-702b-449f-98fd-d2b979e5c9aa,Keyboard,Peripherals,649.99,2025-11-20 18:26:12,East
4cde1b6b-1132-467c-91a4-0d2a73d39457,Phone,Electronics,644.57,2025-03-12 12:36:31,South
05c8234b-1d76-4a66-b5f5-9cb0cf685878,Laptop,Accessories,126.6,2026-01-18 23:03:49,West
ad5900dd-1bff-4142-a5e1-5b5557d3f4dd,Keyboard,Accessories,1536.02,2025-12-30 21:08:24,South
bd90b81a-fbe0-46b8-ae0f-65a82a131c1f,Phone,Electronics,503.24,2025-05-28 21:33:57,South
28fea761-8d49-4e3f-aca8-f78384182d35,Tablet,Peripherals,1634.41,2025-07-01 17:10:46,North
76492e64-f55d-4e6d-ad26-8b378f5242d3,Phone,Peripherals,1694.55,2025-05-24 05:10:58,West
2f383b43-a137-48e4-a7b1-3040cc39b925,Tablet,Electronics,360.44,2025-05-06 13:23:04,Central
6544e313-6ea0-4d13-a845-54c3a3f66c61,Tablet,Peripherals,1398.28,2025-03-06 12:13:27,Central
3283daa4-e212-4b7c-9d36-1cb6bcc57be0,Laptop,Peripherals,1404.12,2025-08-16 18:28:31,Central
0123a348-638a-4df6-adf7-2cd3979aa051,Keyboard,Electronics,1130.59,2025-11-23 20:44:40,South
c0986750-4741-4b48-b4ae-4abd36fce0ac,Monitor,Peripherals,625.02,2025-11-23 11:38:55,West
93cd1291-1004-4d82-8bc7-2f1acf08ea54,Laptop,Electronics,121.77,2025-04-03 16:31:49,Central
2fdc9992-8971-4eea-9f3a-098accac2fb5,Phone,Electronics,1057.63,2025-07-15 05:34:14,North
1d2c2721-7522-4646-b273-75bf5373bf4d,Tablet,Peripherals,410.91,2025-06-05 01:26:36,South
871854c1-7d4e-426e-9cd5-bfaeabb316a7,Tablet,Peripherals,363.15,2025-10-29 09:03:22,East
9c7eb575-637d-4cd6-98d3-148b503b4078,Laptop,Electronics,303.95,2025-07-25 14:54:28,South
5a1baf0e-5911-46dc-9d3e-503a9645f0e4,Laptop,Peripherals,1722.73,2026-01-17 12:55:46,North
d051267f-2c2a-434b-9e0b-7b01753659ef,Tablet,Peripherals,1884.43,2025-11-11 18:26:08,West
eb2ec80e-4c25-4823-8cf4-ffb0b4bba73f,Keyboard,Electronics,679.76,2025-10-19 19:32:35,East
224a66a6-ac0f-4801-95b2-4e1d97154633,Phone,Electronics,1467.38,2025-06-24 19:14:06,West
1df05d18-4e2d-4255-bd13-1a3d1e2c2e7d,Mouse,Accessories,1301.87,2025-05-05 06:13:51,South
82c56b21-2430-42da-b185-0eb85f90fc87,Mouse,Peripherals,1390.19,2025-07-24 00:52:21,Central
93267d25-234b-4562-98af-5cca6b11b7cb,Tablet,Electronics,1334.41,2025-07-22 04:34:06,South
a2b03c4b-7c96-4b55-af8d-8ded6c4c450b,Monitor,Accessories,1470.65,2025-09-19 20:52:13,East
ee4205ee-a52f-43ec-ab4e-2281b184d1fc,Phone,Electronics,1460.37,2025-05-01 10:47:52,Central
49f1137d-7d59-4e19-aab7-b2ef8e0ec033,Monitor,Peripherals,74.44,2025-04-18 15:47:27,Central
7374ccbf-d78c-47d3-9088-50d32fe5b140,Tablet,Peripherals,449.58,2025-10-21 17:27:07,Central
f3abea0d-5be9-4db3-9d92-dd7c0db977a9,Laptop,Accessories,289.88,2025-02-26 21:27:23,North
d0b1fde0-31f3-40c0-a2f3-f0687c0f549d,Phone,Accessories,1964.94,2025-07-22 06:45:05,South
a72f947d-8164-42cb-8fc3-d7d3f6bd80c7,Mouse,Electronics,1645.11,2025-09-03 09:35:09,East
6a66c184-7de1-4f5d-af48-47f068bd075b,Monitor,Electronics,537.77,2025-11-25 23:08:20,South
2ad11fe8-7d1b-495e-b1a0-449dd703262f,Mouse,Electronics,707.46,2025-03-27 06:40:42,North
c2d49b56-cbbe-4980-87e6-7cb090bde900,Mouse,Electronics,105.81,2025-05-19 19:36:59,West
398f569b-465c-42cb-885e-b4894ac66780,Mouse,Accessories,1938.51,2025-09-19 23:00:28,West
751303b9-c7de-46ea-ab0f-be4449e64c22,Monitor,Accessories,708.95,2025-09-30 20:22:36,West
7eccdaf4-c413-4dc2-85c5-ae8abe15ad12,Laptop,Accessories,1579.57,2025-09-24 15:57:06,Central
1d3ca5a4-929d-4377-9cfb-655f82c42e48,Mouse,Peripherals,458.91,2025-06-07 05:02:17,West
fdab3441-d2c2-4960-8b09-01abc66dceb3,Laptop,Electronics,596.87,2025-07-15 15:31:55,East
0aa6fcb9-c1bc-4e59-9296-a12d8ac35ac4,Tablet,Electronics,157.66,2025-12-15 07:53:03,South
37f25d36-8bdd-4ee3-b0fd-6672b80f16c5,Monitor,Electronics,1466.65,2025-08-07 06:51:41,Central
a757075b-d47f-43b1-bc69-c1551a37f6bd,Laptop,Accessories,1192.12,2025-12-11 23:10:48,Central
ffd2f491-dff3-49aa-8c36-a70c3f5e3b8c,Monitor,Peripherals,71.68,2025-03-07 16:32:29,South
dcb91d5f-593c-472b-8347-dbca7321a8b2,Keyboard,Accessories,322.64,2026-01-06 08:35:40,North
fe7402cd-dd83-4d03-b066-e289164484a0,Tablet,Electronics,1949.05,2025-04-09 18:14:58,West
35ba9357-3ca8-4f31-8fd7-f3b9c68fcba5,Mouse,Peripherals,1446.86,2026-01-04 00:25:46,Central
59c2f153-b06b-4f0c-9682-2e22bcd4344f,Tablet,Peripherals,570.23,2026-01-23 13:41:16,South
6d9c5b50-a1fd-4187-9c3a-1e0bb5f3f8aa,Laptop,Electronics,791.88,2025-04-28 15:11:35,Central
34e50699-c8eb-427a-a3a4-e70e9dbc15c0,Monitor,Electronics,118.46,2026-01-05 02:46:49,North
91f0647d-0f32-4333-8e31-593734fa32b6,Monitor,Electronics,596.15,2025-07-09 09:58:11,Central
89ecbc51-98cb-4a52-87f5-301988438de2,Monitor,Electronics,203.0,2025-04-29 13:31:23,South
4aea1b8f-b43c-4e0a-ba9f-c10e52daf681,Phone,Peripherals,590.7,2025-06-15 12:54:49,North
dba6fdf8-f3d0-4ffb-8470-9848929ecc92,Monitor,Electronics,623.62,2025-09-10 22:49:39,West
d0afb235-ade6-4f51-a670-93a0fc48f615,Monitor,Accessories,1790.81,2025-04-01 03:41:43,East
c9230c64-c006-4b5b-b678-39b222b5f457,Laptop,Peripherals,1092.81,2025-08-02 00:29:14,South
46feacd4-fe13-43cd-8f2d-5c15eb346d3a,Tablet,Accessories,745.11,2026-01-25 21:36:06,West
ddb7570e-b390-4059-a07b-be21a7e8d18e,Laptop,Accessories,885.08,2025-04-15 16:54:03,East
5274ee11-b61d-4906-a570-35db3fead90a,Phone,Accessories,1132.85,2026-01-10 22:08:33,South
ad1db537-d7f3-4368-82ef-eecb3f5fbf4f,Mouse,Peripherals,202.44,2025-07-25 16:22:07,East
a1e518a2-93d2-48d4-a465-5c397d4d2add,Keyboard,Accessories,1941.7,2025-06-07 12:45:28,Central
73b5bad5-600b-4b35-aa0a-a7d5a0b85755,Phone,Peripherals,131.36,2025-03-24 11:59:42,West
c4d598f7-e14f-4093-8b6a-d0c7a2356dd4,Keyboard,Accessories,1931.6,2025-03-31 07:50:19,West
4739cc7b-bff3-4c8d-83ff-3e9667213a70,Keyboard,Electronics,957.76,2025-11-19 23:14:22,North
7466ef02-5e7b-42c8-a097-dedbefb3b939,Monitor,Peripherals,79.11,2025-08-31 17:02:12,Central
de70bd30-00a2-4367-94fb-09f053c93ae7,Keyboard,Peripherals,1358.29,2025-12-20 19:35:46,Central
bb1e5ae8-17d8-41b8-bb93-cd40d8dff535,Phone,Electronics,1899.02,2025-08-20 05:11:21,West
5bb47c18-b281-47c4-aa05-5442a284e8fd,Phone,Electronics,1944.61,2026-01-19 07:41:49,South
65d0b517-88d0-4abd-8bb1-8c791036708d,Phone,Electronics,852.52,2025-05-18 18:27:16,West
363be5cb-d329-4724-adfd-171af7d7465d,Phone,Peripherals,304.28,2025-09-03 07:12:36,Central
48998e5f-d40e-43ce-92a7-4a4144bed486,Tablet,Accessories,1822.5,2025-07-04 08:14:19,North
90eeb067-216e-4fe5-93f3-75968c1c8b05,Laptop,Accessories,1117.16,2026-01-20 05:17:12,Central
